LibraryName	SampleID	GeneticBackground	Embryo	EmbryonicDay	Sex	Lineage	GeneticBackground_OLD
EB_1006	1006	C57 (F) x CAST (M)	15	5.5	M	VE	CAST (F) x C57 (M)
EB_1007	1007	C57 (F) x CAST (M)	15	5.5	M	EPI	CAST (F) x C57 (M)
EB_1009	1009	C57 (F) x CAST (M)	15	5.5	M	VE	CAST (F) x C57 (M)
EB_1010	1010	C57 (F) x CAST (M)	15	5.5	M	VE	CAST (F) x C57 (M)
EB_1011	1011	C57 (F) x CAST (M)	15	5.5	M	VE	CAST (F) x C57 (M)
EB_1012	1012	C57 (F) x CAST (M)	15	5.5	M	VE	CAST (F) x C57 (M)
EB_1014	1014	C57 (F) x CAST (M)	15	5.5	M	VE	CAST (F) x C57 (M)
EB_1015	1015	C57 (F) x CAST (M)	15	5.5	M	ExE	CAST (F) x C57 (M)
EB_1018	1018	C57 (F) x CAST (M)	15	5.5	M	VE	CAST (F) x C57 (M)
EB_1019	1019	C57 (F) x CAST (M)	15	5.5	M	VE	CAST (F) x C57 (M)
EB_1020	1020	C57 (F) x CAST (M)	15	5.5	M	EPI	CAST (F) x C57 (M)
EB_1022	1022	C57 (F) x CAST (M)	15	5.5	M	VE	CAST (F) x C57 (M)
EB_1023	1023	C57 (F) x CAST (M)	15	5.5	M	VE	CAST (F) x C57 (M)
EB_1025	1025	C57 (F) x CAST (M)	15	5.5	M	VE	CAST (F) x C57 (M)
EB_1026	1026	C57 (F) x CAST (M)	15	5.5	M	VE	CAST (F) x C57 (M)
EB_1027	1027	C57 (F) x CAST (M)	15	5.5	M	VE	CAST (F) x C57 (M)
EB_1029	1029	C57 (F) x CAST (M)	15	5.5	M	VE	CAST (F) x C57 (M)
EB_1030	1030	C57 (F) x CAST (M)	15	5.5	M	VE	CAST (F) x C57 (M)
EB_1031	1031	C57 (F) x CAST (M)	15	5.5	M	VE	CAST (F) x C57 (M)
EB_1035	1035	C57 (F) x CAST (M)	15	5.5	M	VE	CAST (F) x C57 (M)
EB_1036	1036	C57 (F) x CAST (M)	15	5.5	M	VE	CAST (F) x C57 (M)
EB_1037	1037	C57 (F) x CAST (M)	15	5.5	M	VE	CAST (F) x C57 (M)
EB_1038	1038	C57 (F) x CAST (M)	15	5.5	M	EPI	CAST (F) x C57 (M)
EB_1040	1040	C57 (F) x CAST (M)	15	5.5	M	ExE	CAST (F) x C57 (M)
EB_1045	1045	C57 (F) x CAST (M)	15	5.5	M	ExE	CAST (F) x C57 (M)
EB_1046	1046	C57 (F) x CAST (M)	15	5.5	M	EPI	CAST (F) x C57 (M)
EB_1050	1050	C57 (F) x CAST (M)	15	5.5	M	EPI	CAST (F) x C57 (M)
EB_1051	1051	C57 (F) x CAST (M)	15	5.5	M	ExE	CAST (F) x C57 (M)
EB_1053	1053	C57 (F) x CAST (M)	15	5.5	M	EPI	CAST (F) x C57 (M)
EB_1054	1054	C57 (F) x CAST (M)	15	5.5	M	VE	CAST (F) x C57 (M)
EB_1055	1055	C57 (F) x CAST (M)	15	5.5	M	EPI	CAST (F) x C57 (M)
EB_1056	1056	C57 (F) x CAST (M)	15	5.5	M	VE	CAST (F) x C57 (M)
EB_1057	1057	C57 (F) x CAST (M)	15	5.5	M	VE	CAST (F) x C57 (M)
EB_1059	1059	C57 (F) x CAST (M)	15	5.5	M	VE	CAST (F) x C57 (M)
EB_1061	1061	C57 (F) x CAST (M)	15	5.5	M	VE	CAST (F) x C57 (M)
EB_1063	1063	C57 (F) x CAST (M)	15	5.5	M	EPI	CAST (F) x C57 (M)
EB_1527	1527	C57 (F) x CAST (M)	23	6	F	VE	CAST (F) x C57 (M)
EB_1528	1528	C57 (F) x CAST (M)	23	6	F	VE	CAST (F) x C57 (M)
EB_1529	1529	C57 (F) x CAST (M)	23	6	F	VE	CAST (F) x C57 (M)
EB_1534	1534	C57 (F) x CAST (M)	23	6	F	VE	CAST (F) x C57 (M)
EB_1535	1535	C57 (F) x CAST (M)	23	6	F	VE	CAST (F) x C57 (M)
EB_1536	1536	C57 (F) x CAST (M)	23	6	F	EPI	CAST (F) x C57 (M)
EB_1538	1538	C57 (F) x CAST (M)	23	6	F	EPI	CAST (F) x C57 (M)
EB_1539	1539	C57 (F) x CAST (M)	23	6	F	ExE	CAST (F) x C57 (M)
EB_1540	1540	C57 (F) x CAST (M)	23	6	F	ExE	CAST (F) x C57 (M)
EB_1541	1541	C57 (F) x CAST (M)	23	6	F	ExE	CAST (F) x C57 (M)
EB_1543	1543	C57 (F) x CAST (M)	23	6	F	EPI	CAST (F) x C57 (M)
EB_1544	1544	C57 (F) x CAST (M)	23	6	F	EPI	CAST (F) x C57 (M)
EB_1545	1545	C57 (F) x CAST (M)	23	6	F	EPI	CAST (F) x C57 (M)
EB_1546	1546	C57 (F) x CAST (M)	23	6	F	EPI	CAST (F) x C57 (M)
EB_1547	1547	C57 (F) x CAST (M)	23	6	F	EPI	CAST (F) x C57 (M)
EB_1548	1548	C57 (F) x CAST (M)	23	6	F	EPI	CAST (F) x C57 (M)
EB_1549	1549	C57 (F) x CAST (M)	23	6	F	EPI	CAST (F) x C57 (M)
EB_1550	1550	C57 (F) x CAST (M)	23	6	F	EPI	CAST (F) x C57 (M)
EB_1551	1551	C57 (F) x CAST (M)	23	6	F	EPI	CAST (F) x C57 (M)
EB_1554	1554	C57 (F) x CAST (M)	23	6	F	VE	CAST (F) x C57 (M)
EB_1555	1555	C57 (F) x CAST (M)	23	6	F	ExE	CAST (F) x C57 (M)
EB_1556	1556	C57 (F) x CAST (M)	23	6	F	ExE	CAST (F) x C57 (M)
EB_1557	1557	C57 (F) x CAST (M)	23	6	F	VE	CAST (F) x C57 (M)
EB_1558	1558	C57 (F) x CAST (M)	23	6	F	VE	CAST (F) x C57 (M)
EB_1559	1559	C57 (F) x CAST (M)	23	6	F	VE	CAST (F) x C57 (M)
EB_1562	1562	C57 (F) x CAST (M)	23	6	F	EPI	CAST (F) x C57 (M)
EB_1563	1563	C57 (F) x CAST (M)	23	6	F	VE	CAST (F) x C57 (M)
EB_1565	1565	C57 (F) x CAST (M)	23	6	F	VE	CAST (F) x C57 (M)
EB_1566	1566	C57 (F) x CAST (M)	23	6	F	EPI	CAST (F) x C57 (M)
EB_1567	1567	C57 (F) x CAST (M)	23	6	F	VE	CAST (F) x C57 (M)
EB_1568	1568	C57 (F) x CAST (M)	23	6	F	VE	CAST (F) x C57 (M)
EB_1569	1569	C57 (F) x CAST (M)	23	6	F	EPI	CAST (F) x C57 (M)
EB_1570	1570	C57 (F) x CAST (M)	23	6	F	EPI	CAST (F) x C57 (M)
EB_1571	1571	C57 (F) x CAST (M)	23	6	F	EPI	CAST (F) x C57 (M)
EB_1572	1572	C57 (F) x CAST (M)	23	6	F	EPI	CAST (F) x C57 (M)
EB_1573	1573	C57 (F) x CAST (M)	23	6	F	EPI	CAST (F) x C57 (M)
EB_1574	1574	C57 (F) x CAST (M)	23	6	F	EPI	CAST (F) x C57 (M)
EB_1575	1575	C57 (F) x CAST (M)	23	6	F	VE	CAST (F) x C57 (M)
EB_1576	1576	C57 (F) x CAST (M)	23	6	F	VE	CAST (F) x C57 (M)
EB_1577	1577	C57 (F) x CAST (M)	23	6	F	VE	CAST (F) x C57 (M)
EB_1579	1579	C57 (F) x CAST (M)	23	6	F	ExE	CAST (F) x C57 (M)
EB_1580	1580	C57 (F) x CAST (M)	23	6	F	EPI	CAST (F) x C57 (M)
EB_1581	1581	C57 (F) x CAST (M)	23	6	F	EPI	CAST (F) x C57 (M)
EB_1582	1582	C57 (F) x CAST (M)	23	6	F	VE	CAST (F) x C57 (M)
EB_1585	1585	C57 (F) x CAST (M)	23	6	F	VE	CAST (F) x C57 (M)
EB_1586	1586	C57 (F) x CAST (M)	23	6	F	VE	CAST (F) x C57 (M)
EB_1587	1587	C57 (F) x CAST (M)	23	6	F	VE	CAST (F) x C57 (M)
EB_1588	1588	C57 (F) x CAST (M)	23	6	F	VE	CAST (F) x C57 (M)
EB_1589	1589	C57 (F) x CAST (M)	23	6	F	VE	CAST (F) x C57 (M)
EB_1590	1590	C57 (F) x CAST (M)	23	6	F	VE	CAST (F) x C57 (M)
EB_1591	1591	C57 (F) x CAST (M)	23	6	F	EPI	CAST (F) x C57 (M)
EB_1592	1592	C57 (F) x CAST (M)	23	6	F	EPI	CAST (F) x C57 (M)
EB_1593	1593	C57 (F) x CAST (M)	23	6	F	VE	CAST (F) x C57 (M)
EB_1594	1594	C57 (F) x CAST (M)	23	6	F	VE	CAST (F) x C57 (M)
EB_1597	1597	C57 (F) x CAST (M)	23	6	F	VE	CAST (F) x C57 (M)
EB_1598	1598	C57 (F) x CAST (M)	23	6	F	VE	CAST (F) x C57 (M)
EB_1599	1599	C57 (F) x CAST (M)	23	6	F	EPI	CAST (F) x C57 (M)
EB_1600	1600	C57 (F) x CAST (M)	23	6	F	EPI	CAST (F) x C57 (M)
EB_1603	1603	C57 (F) x CAST (M)	23	6	F	VE	CAST (F) x C57 (M)
EB_1604	1604	C57 (F) x CAST (M)	23	6	F	VE	CAST (F) x C57 (M)
EB_1613	1613	C57 (F) x CAST (M)	24	6	F	EPI	CAST (F) x C57 (M)
EB_1614	1614	C57 (F) x CAST (M)	24	6	F	ExE	CAST (F) x C57 (M)
EB_1615	1615	C57 (F) x CAST (M)	24	6	F	EPI	CAST (F) x C57 (M)
EB_1616	1616	C57 (F) x CAST (M)	24	6	F	EPI	CAST (F) x C57 (M)
EB_1617	1617	C57 (F) x CAST (M)	24	6	F	EPI	CAST (F) x C57 (M)
EB_1618	1618	C57 (F) x CAST (M)	24	6	F	EPI	CAST (F) x C57 (M)
EB_1619	1619	C57 (F) x CAST (M)	24	6	F	EPI	CAST (F) x C57 (M)
EB_1620	1620	C57 (F) x CAST (M)	24	6	F	EPI	CAST (F) x C57 (M)
EB_1621	1621	C57 (F) x CAST (M)	24	6	F	EPI	CAST (F) x C57 (M)
EB_1622	1622	C57 (F) x CAST (M)	24	6	F	ExE	CAST (F) x C57 (M)
EB_1623	1623	C57 (F) x CAST (M)	24	6	F	EPI	CAST (F) x C57 (M)
EB_1624	1624	C57 (F) x CAST (M)	24	6	F	EPI	CAST (F) x C57 (M)
EB_1625	1625	C57 (F) x CAST (M)	24	6	F	EPI	CAST (F) x C57 (M)
EB_1626	1626	C57 (F) x CAST (M)	24	6	F	EPI	CAST (F) x C57 (M)
EB_1627	1627	C57 (F) x CAST (M)	24	6	F	EPI	CAST (F) x C57 (M)
EB_1628	1628	C57 (F) x CAST (M)	24	6	F	EPI	CAST (F) x C57 (M)
EB_1629	1629	C57 (F) x CAST (M)	24	6	F	EPI	CAST (F) x C57 (M)
EB_1630	1630	C57 (F) x CAST (M)	24	6	F	ExE	CAST (F) x C57 (M)
EB_1631	1631	C57 (F) x CAST (M)	24	6	F	VE	CAST (F) x C57 (M)
EB_1632	1632	C57 (F) x CAST (M)	24	6	F	VE	CAST (F) x C57 (M)
EB_1633	1633	C57 (F) x CAST (M)	24	6	F	VE	CAST (F) x C57 (M)
EB_1634	1634	C57 (F) x CAST (M)	24	6	F	EPI	CAST (F) x C57 (M)
EB_1635	1635	C57 (F) x CAST (M)	24	6	F	VE	CAST (F) x C57 (M)
EB_1636	1636	C57 (F) x CAST (M)	24	6	F	VE	CAST (F) x C57 (M)
EB_1637	1637	C57 (F) x CAST (M)	24	6	F	VE	CAST (F) x C57 (M)
EB_1639	1639	C57 (F) x CAST (M)	24	6	F	EPI	CAST (F) x C57 (M)
EB_1640	1640	C57 (F) x CAST (M)	24	6	F	EPI	CAST (F) x C57 (M)
EB_1641	1641	C57 (F) x CAST (M)	24	6	F	VE	CAST (F) x C57 (M)
EB_1642	1642	C57 (F) x CAST (M)	24	6	F	VE	CAST (F) x C57 (M)
EB_1643	1643	C57 (F) x CAST (M)	24	6	F	VE	CAST (F) x C57 (M)
EB_1645	1645	C57 (F) x CAST (M)	24	6	F	EPI	CAST (F) x C57 (M)
EB_1647	1647	C57 (F) x CAST (M)	24	6	F	EPI	CAST (F) x C57 (M)
EB_1648	1648	C57 (F) x CAST (M)	24	6	F	EPI	CAST (F) x C57 (M)
EB_1650	1650	C57 (F) x CAST (M)	24	6	F	EPI	CAST (F) x C57 (M)
EB_1651	1651	C57 (F) x CAST (M)	24	6	F	EPI	CAST (F) x C57 (M)
EB_1652	1652	C57 (F) x CAST (M)	24	6	F	EPI	CAST (F) x C57 (M)
EB_1653	1653	C57 (F) x CAST (M)	24	6	F	EPI	CAST (F) x C57 (M)
EB_1654	1654	C57 (F) x CAST (M)	25	6	M	EPI	CAST (F) x C57 (M)
EB_1655	1655	C57 (F) x CAST (M)	25	6	M	ExE	CAST (F) x C57 (M)
EB_1656	1656	C57 (F) x CAST (M)	25	6	M	ExE	CAST (F) x C57 (M)
EB_1657	1657	C57 (F) x CAST (M)	25	6	M	EPI	CAST (F) x C57 (M)
EB_1658	1658	C57 (F) x CAST (M)	25	6	M	EPI	CAST (F) x C57 (M)
EB_1659	1659	C57 (F) x CAST (M)	25	6	M	ExE	CAST (F) x C57 (M)
EB_1660	1660	C57 (F) x CAST (M)	25	6	M	ExE	CAST (F) x C57 (M)
EB_1661	1661	C57 (F) x CAST (M)	25	6	M	ExE	CAST (F) x C57 (M)
EB_1665	1665	C57 (F) x CAST (M)	25	6	M	EPI	CAST (F) x C57 (M)
EB_1666	1666	C57 (F) x CAST (M)	25	6	M	EPI	CAST (F) x C57 (M)
EB_1667	1667	C57 (F) x CAST (M)	25	6	M	EPI	CAST (F) x C57 (M)
EB_1668	1668	C57 (F) x CAST (M)	25	6	M	EPI	CAST (F) x C57 (M)
EB_1669	1669	C57 (F) x CAST (M)	25	6	M	ExE	CAST (F) x C57 (M)
EB_1670	1670	C57 (F) x CAST (M)	25	6	M	ExE	CAST (F) x C57 (M)
EB_1671	1671	C57 (F) x CAST (M)	25	6	M	ExE	CAST (F) x C57 (M)
EB_1672	1672	C57 (F) x CAST (M)	25	6	M	EPI	CAST (F) x C57 (M)
EB_1673	1673	C57 (F) x CAST (M)	25	6	M	ExE	CAST (F) x C57 (M)
EB_1674	1674	C57 (F) x CAST (M)	25	6	M	EPI	CAST (F) x C57 (M)
EB_1675	1675	C57 (F) x CAST (M)	25	6	M	EPI	CAST (F) x C57 (M)
EB_1676	1676	C57 (F) x CAST (M)	25	6	M	ExE	CAST (F) x C57 (M)
EB_1678	1678	C57 (F) x CAST (M)	25	6	M	EPI	CAST (F) x C57 (M)
EB_1680	1680	C57 (F) x CAST (M)	25	6	M	EPI	CAST (F) x C57 (M)
EB_1681	1681	C57 (F) x CAST (M)	25	6	M	ExE	CAST (F) x C57 (M)
EB_1682	1682	C57 (F) x CAST (M)	25	6	M	EPI	CAST (F) x C57 (M)
EB_1683	1683	C57 (F) x CAST (M)	25	6	M	EPI	CAST (F) x C57 (M)
EB_1684	1684	C57 (F) x CAST (M)	25	6	M	EPI	CAST (F) x C57 (M)
EB_1685	1685	C57 (F) x CAST (M)	25	6	M	EPI	CAST (F) x C57 (M)
EB_1686	1686	C57 (F) x CAST (M)	25	6	M	EPI	CAST (F) x C57 (M)
EB_1687	1687	C57 (F) x CAST (M)	25	6	M	EPI	CAST (F) x C57 (M)
EB_1688	1688	C57 (F) x CAST (M)	25	6	M	EPI	CAST (F) x C57 (M)
EB_1689	1689	C57 (F) x CAST (M)	25	6	M	EPI	CAST (F) x C57 (M)
EB_1690	1690	C57 (F) x CAST (M)	25	6	M	EPI	CAST (F) x C57 (M)
EB_1691	1691	C57 (F) x CAST (M)	25	6	M	EPI	CAST (F) x C57 (M)
EB_1692	1692	C57 (F) x CAST (M)	25	6	M	ExE	CAST (F) x C57 (M)
EB_1694	1694	C57 (F) x CAST (M)	25	6	M	EPI	CAST (F) x C57 (M)
EB_1696	1696	C57 (F) x CAST (M)	25	6	M	EPI	CAST (F) x C57 (M)
EB_1850	NA	CAST (F) x C57 (M)	27	6.5	F	EPI	C57 (F) x CAST (M)
EB_1852	NA	CAST (F) x C57 (M)	27	6.5	F	EPI	C57 (F) x CAST (M)
EB_1853	NA	CAST (F) x C57 (M)	27	6.5	F	VE	C57 (F) x CAST (M)
EB_1856	NA	CAST (F) x C57 (M)	27	6.5	F	EPI	C57 (F) x CAST (M)
EB_1857	NA	CAST (F) x C57 (M)	27	6.5	F	EPI	C57 (F) x CAST (M)
EB_1858	NA	CAST (F) x C57 (M)	27	6.5	F	EPI	C57 (F) x CAST (M)
EB_1859	NA	CAST (F) x C57 (M)	27	6.5	F	EPI	C57 (F) x CAST (M)
EB_1860	NA	CAST (F) x C57 (M)	27	6.5	F	EPI	C57 (F) x CAST (M)
EB_1862	NA	CAST (F) x C57 (M)	27	6.5	F	VE	C57 (F) x CAST (M)
EB_1863	NA	CAST (F) x C57 (M)	27	6.5	F	VE	C57 (F) x CAST (M)
EB_1864	NA	CAST (F) x C57 (M)	27	6.5	F	VE	C57 (F) x CAST (M)
EB_1865	NA	CAST (F) x C57 (M)	27	6.5	F	EPI	C57 (F) x CAST (M)
EB_1866	NA	CAST (F) x C57 (M)	27	6.5	F	VE	C57 (F) x CAST (M)
EB_1867	NA	CAST (F) x C57 (M)	27	6.5	F	VE	C57 (F) x CAST (M)
EB_1869	NA	CAST (F) x C57 (M)	27	6.5	F	EPI	C57 (F) x CAST (M)
EB_1870	NA	CAST (F) x C57 (M)	27	6.5	F	EPI	C57 (F) x CAST (M)
EB_1871	NA	CAST (F) x C57 (M)	27	6.5	F	EPI	C57 (F) x CAST (M)
EB_1872	NA	CAST (F) x C57 (M)	27	6.5	F	VE	C57 (F) x CAST (M)
EB_1873	NA	CAST (F) x C57 (M)	27	6.5	F	VE	C57 (F) x CAST (M)
EB_1874	NA	CAST (F) x C57 (M)	27	6.5	F	EPI	C57 (F) x CAST (M)
EB_1875	NA	CAST (F) x C57 (M)	27	6.5	F	EPI	C57 (F) x CAST (M)
EB_1876	NA	CAST (F) x C57 (M)	27	6.5	F	EPI	C57 (F) x CAST (M)
EB_1877	NA	CAST (F) x C57 (M)	27	6.5	F	EPI	C57 (F) x CAST (M)
EB_1878	NA	CAST (F) x C57 (M)	27	6.5	F	EPI	C57 (F) x CAST (M)
EB_1880	NA	CAST (F) x C57 (M)	27	6.5	F	VE	C57 (F) x CAST (M)
EB_1881	NA	CAST (F) x C57 (M)	27	6.5	F	VE	C57 (F) x CAST (M)
EB_1882	NA	CAST (F) x C57 (M)	27	6.5	F	EPI	C57 (F) x CAST (M)
EB_1883	NA	CAST (F) x C57 (M)	27	6.5	F	EPI	C57 (F) x CAST (M)
EB_1884	NA	CAST (F) x C57 (M)	27	6.5	F	EPI	C57 (F) x CAST (M)
EB_1885	NA	CAST (F) x C57 (M)	27	6.5	F	EPI	C57 (F) x CAST (M)
EB_1886	NA	CAST (F) x C57 (M)	27	6.5	F	EPI	C57 (F) x CAST (M)
EB_1887	NA	CAST (F) x C57 (M)	27	6.5	F	EPI	C57 (F) x CAST (M)
EB_1888	NA	CAST (F) x C57 (M)	27	6.5	F	EPI	C57 (F) x CAST (M)
EB_1889	NA	CAST (F) x C57 (M)	27	6.5	F	EPI	C57 (F) x CAST (M)
EB_1890	NA	CAST (F) x C57 (M)	27	6.5	F	EPI	C57 (F) x CAST (M)
EB_1891	NA	CAST (F) x C57 (M)	27	6.5	F	EPI	C57 (F) x CAST (M)
EB_1892	NA	CAST (F) x C57 (M)	27	6.5	F	VE	C57 (F) x CAST (M)
EB_1893	NA	CAST (F) x C57 (M)	27	6.5	F	EPI	C57 (F) x CAST (M)
EB_1894	NA	CAST (F) x C57 (M)	27	6.5	F	EPI	C57 (F) x CAST (M)
EB_1895	NA	CAST (F) x C57 (M)	27	6.5	F	EPI	C57 (F) x CAST (M)
EB_1896	NA	CAST (F) x C57 (M)	27	6.5	F	EPI	C57 (F) x CAST (M)
EB_1897	NA	CAST (F) x C57 (M)	27	6.5	F	EPI	C57 (F) x CAST (M)
EB_1899	NA	CAST (F) x C57 (M)	27	6.5	F	EPI	C57 (F) x CAST (M)
EB_1907	NA	CAST (F) x C57 (M)	27	6.5	F	EPI	C57 (F) x CAST (M)
EB_1908	NA	CAST (F) x C57 (M)	27	6.5	F	EPI	C57 (F) x CAST (M)
EB_1909	NA	CAST (F) x C57 (M)	27	6.5	F	EPI	C57 (F) x CAST (M)
EB_1911	NA	CAST (F) x C57 (M)	27	6.5	F	VE	C57 (F) x CAST (M)
EB_1912	NA	CAST (F) x C57 (M)	27	6.5	F	VE	C57 (F) x CAST (M)
EB_1913	NA	CAST (F) x C57 (M)	27	6.5	F	EPI	C57 (F) x CAST (M)
EB_1914	NA	CAST (F) x C57 (M)	27	6.5	F	EPI	C57 (F) x CAST (M)
EB_1915	NA	CAST (F) x C57 (M)	27	6.5	F	EPI	C57 (F) x CAST (M)
EB_1916	NA	CAST (F) x C57 (M)	27	6.5	F	EPI	C57 (F) x CAST (M)
EB_1917	NA	CAST (F) x C57 (M)	27	6.5	F	EPI	C57 (F) x CAST (M)
EB_1919	NA	CAST (F) x C57 (M)	27	6.5	F	EPI	C57 (F) x CAST (M)
EB_1920	NA	CAST (F) x C57 (M)	27	6.5	F	EPI	C57 (F) x CAST (M)
EB_1921	NA	CAST (F) x C57 (M)	27	6.5	F	VE	C57 (F) x CAST (M)
EB_1922	NA	CAST (F) x C57 (M)	27	6.5	F	VE	C57 (F) x CAST (M)
EB_1923	NA	CAST (F) x C57 (M)	27	6.5	F	VE	C57 (F) x CAST (M)
EB_1924	NA	CAST (F) x C57 (M)	27	6.5	F	VE	C57 (F) x CAST (M)
EB_1925	NA	CAST (F) x C57 (M)	27	6.5	F	ExE	C57 (F) x CAST (M)
EB_1928	NA	CAST (F) x C57 (M)	27	6.5	F	VE	C57 (F) x CAST (M)
EB_1929	NA	CAST (F) x C57 (M)	27	6.5	F	VE	C57 (F) x CAST (M)
EB_1930	NA	CAST (F) x C57 (M)	27	6.5	F	VE	C57 (F) x CAST (M)
EB_1933	NA	CAST (F) x C57 (M)	27	6.5	F	VE	C57 (F) x CAST (M)
EB_1935	NA	CAST (F) x C57 (M)	27	6.5	F	VE	C57 (F) x CAST (M)
EB_1937	NA	CAST (F) x C57 (M)	27	6.5	F	VE	C57 (F) x CAST (M)
EB_1938	NA	CAST (F) x C57 (M)	27	6.5	F	VE	C57 (F) x CAST (M)
EB_1939	NA	CAST (F) x C57 (M)	27	6.5	F	VE	C57 (F) x CAST (M)
EB_1940	NA	CAST (F) x C57 (M)	27	6.5	F	ExE	C57 (F) x CAST (M)
EB_1943	NA	CAST (F) x C57 (M)	27	6.5	F	ExE	C57 (F) x CAST (M)
EB_1945	NA	CAST (F) x C57 (M)	27	6.5	F	ExE	C57 (F) x CAST (M)
EB_1946	NA	CAST (F) x C57 (M)	27	6.5	F	VE	C57 (F) x CAST (M)
EB_1947	NA	CAST (F) x C57 (M)	27	6.5	F	ExE	C57 (F) x CAST (M)
EB_1948	NA	CAST (F) x C57 (M)	27	6.5	F	ExE	C57 (F) x CAST (M)
EB_1951	NA	CAST (F) x C57 (M)	27	6.5	F	VE	C57 (F) x CAST (M)
EB_1952	NA	CAST (F) x C57 (M)	27	6.5	F	ExE	C57 (F) x CAST (M)
EB_1954	NA	CAST (F) x C57 (M)	27	6.5	F	VE	C57 (F) x CAST (M)
EB_1955	NA	CAST (F) x C57 (M)	27	6.5	F	EPI	C57 (F) x CAST (M)
EB_1958	NA	CAST (F) x C57 (M)	28	6.5	F	VE	C57 (F) x CAST (M)
EB_1959	NA	CAST (F) x C57 (M)	28	6.5	F	VE	C57 (F) x CAST (M)
EB_1960	NA	CAST (F) x C57 (M)	28	6.5	F	VE	C57 (F) x CAST (M)
EB_1962	NA	CAST (F) x C57 (M)	28	6.5	F	EPI	C57 (F) x CAST (M)
EB_1963	NA	CAST (F) x C57 (M)	28	6.5	F	EPI	C57 (F) x CAST (M)
EB_1964	NA	CAST (F) x C57 (M)	28	6.5	F	EPI	C57 (F) x CAST (M)
EB_1965	NA	CAST (F) x C57 (M)	28	6.5	F	EPI	C57 (F) x CAST (M)
EB_1966	NA	CAST (F) x C57 (M)	28	6.5	F	VE	C57 (F) x CAST (M)
EB_1968	NA	CAST (F) x C57 (M)	28	6.5	F	EPI	C57 (F) x CAST (M)
EB_1969	NA	CAST (F) x C57 (M)	28	6.5	F	EPI	C57 (F) x CAST (M)
EB_1970	NA	CAST (F) x C57 (M)	28	6.5	F	EPI	C57 (F) x CAST (M)
EB_1971	NA	CAST (F) x C57 (M)	28	6.5	F	EPI	C57 (F) x CAST (M)
EB_1972	NA	CAST (F) x C57 (M)	28	6.5	F	VE	C57 (F) x CAST (M)
EB_1973	NA	CAST (F) x C57 (M)	28	6.5	F	EPI	C57 (F) x CAST (M)
EB_1974	NA	CAST (F) x C57 (M)	28	6.5	F	EPI	C57 (F) x CAST (M)
EB_1976	NA	CAST (F) x C57 (M)	28	6.5	F	EPI	C57 (F) x CAST (M)
EB_1977	NA	CAST (F) x C57 (M)	28	6.5	F	EPI	C57 (F) x CAST (M)
EB_1978	NA	CAST (F) x C57 (M)	28	6.5	F	VE	C57 (F) x CAST (M)
EB_1979	NA	CAST (F) x C57 (M)	28	6.5	F	EPI	C57 (F) x CAST (M)
EB_1980	NA	CAST (F) x C57 (M)	28	6.5	F	EPI	C57 (F) x CAST (M)
EB_1981	NA	CAST (F) x C57 (M)	28	6.5	F	VE	C57 (F) x CAST (M)
EB_1982	NA	CAST (F) x C57 (M)	28	6.5	F	EPI	C57 (F) x CAST (M)
EB_1983	NA	CAST (F) x C57 (M)	28	6.5	F	VE	C57 (F) x CAST (M)
EB_1984	NA	CAST (F) x C57 (M)	28	6.5	F	EPI	C57 (F) x CAST (M)
EB_1985	NA	CAST (F) x C57 (M)	28	6.5	F	EPI	C57 (F) x CAST (M)
EB_1987	NA	CAST (F) x C57 (M)	28	6.5	F	EPI	C57 (F) x CAST (M)
EB_1988	NA	CAST (F) x C57 (M)	28	6.5	F	EPI	C57 (F) x CAST (M)
EB_1989	NA	CAST (F) x C57 (M)	28	6.5	F	VE	C57 (F) x CAST (M)
EB_1990	NA	CAST (F) x C57 (M)	28	6.5	F	VE	C57 (F) x CAST (M)
EB_1991	NA	CAST (F) x C57 (M)	28	6.5	F	VE	C57 (F) x CAST (M)
EB_1992	NA	CAST (F) x C57 (M)	28	6.5	F	EPI	C57 (F) x CAST (M)
EB_1993	NA	CAST (F) x C57 (M)	28	6.5	F	EPI	C57 (F) x CAST (M)
EB_1994	NA	CAST (F) x C57 (M)	28	6.5	F	VE	C57 (F) x CAST (M)
EB_1995	NA	CAST (F) x C57 (M)	28	6.5	F	EPI	C57 (F) x CAST (M)
EB_1996	NA	CAST (F) x C57 (M)	28	6.5	F	VE	C57 (F) x CAST (M)
EB_1999	NA	CAST (F) x C57 (M)	28	6.5	F	VE	C57 (F) x CAST (M)
EB_2001	NA	CAST (F) x C57 (M)	28	6.5	F	VE	C57 (F) x CAST (M)
EB_2002	NA	CAST (F) x C57 (M)	28	6.5	F	VE	C57 (F) x CAST (M)
EB_2003	NA	CAST (F) x C57 (M)	28	6.5	F	EPI	C57 (F) x CAST (M)
EB_2004	NA	CAST (F) x C57 (M)	28	6.5	F	EPI	C57 (F) x CAST (M)
EB_2005	NA	CAST (F) x C57 (M)	28	6.5	F	EPI	C57 (F) x CAST (M)
EB_2007	NA	CAST (F) x C57 (M)	28	6.5	F	EPI	C57 (F) x CAST (M)
EB_2008	NA	CAST (F) x C57 (M)	28	6.5	F	EPI	C57 (F) x CAST (M)
EB_2009	NA	CAST (F) x C57 (M)	28	6.5	F	VE	C57 (F) x CAST (M)
EB_2010	NA	CAST (F) x C57 (M)	28	6.5	F	EPI	C57 (F) x CAST (M)
EB_2011	NA	CAST (F) x C57 (M)	28	6.5	F	EPI	C57 (F) x CAST (M)
EB_2012	NA	CAST (F) x C57 (M)	28	6.5	F	EPI	C57 (F) x CAST (M)
EB_2013	NA	CAST (F) x C57 (M)	28	6.5	F	EPI	C57 (F) x CAST (M)
EB_2014	NA	CAST (F) x C57 (M)	28	6.5	F	EPI	C57 (F) x CAST (M)
EB_2015	NA	CAST (F) x C57 (M)	28	6.5	F	VE	C57 (F) x CAST (M)
EB_2016	NA	CAST (F) x C57 (M)	28	6.5	F	EPI	C57 (F) x CAST (M)
EB_2017	NA	CAST (F) x C57 (M)	28	6.5	F	VE	C57 (F) x CAST (M)
EB_2018	NA	CAST (F) x C57 (M)	28	6.5	F	VE	C57 (F) x CAST (M)
EB_2020	NA	CAST (F) x C57 (M)	28	6.5	F	VE	C57 (F) x CAST (M)
EB_2022	NA	CAST (F) x C57 (M)	28	6.5	F	EPI	C57 (F) x CAST (M)
EB_2023	NA	CAST (F) x C57 (M)	28	6.5	F	VE	C57 (F) x CAST (M)
EB_2024	NA	CAST (F) x C57 (M)	28	6.5	F	VE	C57 (F) x CAST (M)
EB_2025	NA	CAST (F) x C57 (M)	28	6.5	F	VE	C57 (F) x CAST (M)
EB_2026	NA	CAST (F) x C57 (M)	28	6.5	F	VE	C57 (F) x CAST (M)
EB_2027	NA	CAST (F) x C57 (M)	28	6.5	F	VE	C57 (F) x CAST (M)
EB_2028	NA	CAST (F) x C57 (M)	28	6.5	F	EPI	C57 (F) x CAST (M)
EB_2029	NA	CAST (F) x C57 (M)	28	6.5	F	EPI	C57 (F) x CAST (M)
EB_2030	NA	CAST (F) x C57 (M)	28	6.5	F	VE	C57 (F) x CAST (M)
EB_2031	NA	CAST (F) x C57 (M)	28	6.5	F	VE	C57 (F) x CAST (M)
EB_2032	NA	CAST (F) x C57 (M)	28	6.5	F	EPI	C57 (F) x CAST (M)
EB_2033	NA	CAST (F) x C57 (M)	28	6.5	F	EPI	C57 (F) x CAST (M)
EB_2034	NA	CAST (F) x C57 (M)	28	6.5	F	EPI	C57 (F) x CAST (M)
EB_2035	NA	CAST (F) x C57 (M)	28	6.5	F	EPI	C57 (F) x CAST (M)
EB_2036	NA	CAST (F) x C57 (M)	28	6.5	F	EPI	C57 (F) x CAST (M)
EB_2037	NA	CAST (F) x C57 (M)	28	6.5	F	VE	C57 (F) x CAST (M)
EB_2038	NA	CAST (F) x C57 (M)	28	6.5	F	EPI	C57 (F) x CAST (M)
EB_2039	NA	CAST (F) x C57 (M)	28	6.5	F	EPI	C57 (F) x CAST (M)
EB_2040	NA	CAST (F) x C57 (M)	28	6.5	F	VE	C57 (F) x CAST (M)
EB_2041	NA	CAST (F) x C57 (M)	28	6.5	F	EPI	C57 (F) x CAST (M)
EB_2042	NA	CAST (F) x C57 (M)	28	6.5	F	VE	C57 (F) x CAST (M)
EB_2043	NA	CAST (F) x C57 (M)	28	6.5	F	VE	C57 (F) x CAST (M)
EB_2044	NA	CAST (F) x C57 (M)	28	6.5	F	EPI	C57 (F) x CAST (M)
EB_2045	NA	CAST (F) x C57 (M)	28	6.5	F	EPI	C57 (F) x CAST (M)
EB_2046	NA	CAST (F) x C57 (M)	28	6.5	F	EPI	C57 (F) x CAST (M)
EB_2047	NA	CAST (F) x C57 (M)	28	6.5	F	EPI	C57 (F) x CAST (M)
EB_2048	NA	CAST (F) x C57 (M)	28	6.5	F	EPI	C57 (F) x CAST (M)
EB_2049	NA	CAST (F) x C57 (M)	28	6.5	F	VE	C57 (F) x CAST (M)
EB_2050	NA	CAST (F) x C57 (M)	28	6.5	F	EPI	C57 (F) x CAST (M)
EB_2051	NA	CAST (F) x C57 (M)	28	6.5	F	EPI	C57 (F) x CAST (M)
EB_2052	NA	CAST (F) x C57 (M)	28	6.5	F	EPI	C57 (F) x CAST (M)
EB_2053	NA	CAST (F) x C57 (M)	28	6.5	F	VE	C57 (F) x CAST (M)
EB_2054	NA	CAST (F) x C57 (M)	28	6.5	F	EPI	C57 (F) x CAST (M)
EB_2055	NA	CAST (F) x C57 (M)	28	6.5	F	VE	C57 (F) x CAST (M)
EB_2056	NA	CAST (F) x C57 (M)	28	6.5	F	EPI	C57 (F) x CAST (M)
EB_2057	NA	CAST (F) x C57 (M)	28	6.5	F	EPI	C57 (F) x CAST (M)
EB_2058	NA	CAST (F) x C57 (M)	28	6.5	F	VE	C57 (F) x CAST (M)
EB_2059	NA	CAST (F) x C57 (M)	28	6.5	F	EPI	C57 (F) x CAST (M)
EB_2060	NA	CAST (F) x C57 (M)	28	6.5	F	EPI	C57 (F) x CAST (M)
EB_2061	NA	CAST (F) x C57 (M)	28	6.5	F	VE	C57 (F) x CAST (M)
EB_2062	NA	CAST (F) x C57 (M)	28	6.5	F	VE	C57 (F) x CAST (M)
EB_2063	NA	CAST (F) x C57 (M)	28	6.5	F	EPI	C57 (F) x CAST (M)
EB_2064	NA	CAST (F) x C57 (M)	28	6.5	F	EPI	C57 (F) x CAST (M)
EB_2065	NA	CAST (F) x C57 (M)	28	6.5	F	VE	C57 (F) x CAST (M)
EB_2066	NA	CAST (F) x C57 (M)	28	6.5	F	EPI	C57 (F) x CAST (M)
EB_2067	NA	CAST (F) x C57 (M)	28	6.5	F	EPI	C57 (F) x CAST (M)
EB_2068	NA	CAST (F) x C57 (M)	28	6.5	F	VE	C57 (F) x CAST (M)
EB_2069	NA	CAST (F) x C57 (M)	28	6.5	F	EPI	C57 (F) x CAST (M)
EB_2070	NA	CAST (F) x C57 (M)	28	6.5	F	VE	C57 (F) x CAST (M)
EB_2071	NA	CAST (F) x C57 (M)	28	6.5	F	EPI	C57 (F) x CAST (M)
EB_2072	NA	CAST (F) x C57 (M)	28	6.5	F	EPI	C57 (F) x CAST (M)
EB_2073	NA	CAST (F) x C57 (M)	28	6.5	F	EPI	C57 (F) x CAST (M)
EB_2074	NA	CAST (F) x C57 (M)	28	6.5	F	EPI	C57 (F) x CAST (M)
EB_2075	NA	CAST (F) x C57 (M)	28	6.5	F	EPI	C57 (F) x CAST (M)
EB_2076	NA	CAST (F) x C57 (M)	28	6.5	F	VE	C57 (F) x CAST (M)
EB_2077	NA	CAST (F) x C57 (M)	28	6.5	F	EPI	C57 (F) x CAST (M)
EB_2078	NA	CAST (F) x C57 (M)	28	6.5	F	VE	C57 (F) x CAST (M)
EB_2079	NA	CAST (F) x C57 (M)	28	6.5	F	VE	C57 (F) x CAST (M)
EB_2080	NA	CAST (F) x C57 (M)	28	6.5	F	EPI	C57 (F) x CAST (M)
EB_2081	NA	CAST (F) x C57 (M)	28	6.5	F	VE	C57 (F) x CAST (M)
EB_2082	NA	CAST (F) x C57 (M)	28	6.5	F	VE	C57 (F) x CAST (M)
EB_2083	NA	CAST (F) x C57 (M)	28	6.5	F	VE	C57 (F) x CAST (M)
EB_2086	NA	CAST (F) x C57 (M)	28	6.5	F	VE	C57 (F) x CAST (M)
EB_2087	NA	CAST (F) x C57 (M)	28	6.5	F	VE	C57 (F) x CAST (M)
EB_2088	NA	CAST (F) x C57 (M)	28	6.5	F	VE	C57 (F) x CAST (M)
EB_2089	NA	CAST (F) x C57 (M)	28	6.5	F	EPI	C57 (F) x CAST (M)
EB_2090	NA	CAST (F) x C57 (M)	28	6.5	F	VE	C57 (F) x CAST (M)
EB_2091	NA	CAST (F) x C57 (M)	28	6.5	F	VE	C57 (F) x CAST (M)
EB_2092	NA	CAST (F) x C57 (M)	28	6.5	F	ExE	C57 (F) x CAST (M)
EB_2093	NA	CAST (F) x C57 (M)	28	6.5	F	VE	C57 (F) x CAST (M)
EB_2094	NA	CAST (F) x C57 (M)	28	6.5	F	VE	C57 (F) x CAST (M)
EB_2095	NA	CAST (F) x C57 (M)	28	6.5	F	VE	C57 (F) x CAST (M)
EB_2097	NA	CAST (F) x C57 (M)	28	6.5	F	VE	C57 (F) x CAST (M)
EB_2098	NA	CAST (F) x C57 (M)	28	6.5	F	VE	C57 (F) x CAST (M)
EB_2099	NA	CAST (F) x C57 (M)	28	6.5	F	VE	C57 (F) x CAST (M)
EB_2100	NA	CAST (F) x C57 (M)	28	6.5	F	VE	C57 (F) x CAST (M)
EB_2101	NA	CAST (F) x C57 (M)	28	6.5	F	VE	C57 (F) x CAST (M)
EB_2102	NA	CAST (F) x C57 (M)	28	6.5	F	EPI	C57 (F) x CAST (M)
EB_2103	NA	CAST (F) x C57 (M)	28	6.5	F	EPI	C57 (F) x CAST (M)
EB_2104	NA	CAST (F) x C57 (M)	28	6.5	F	VE	C57 (F) x CAST (M)
EB_2105	NA	CAST (F) x C57 (M)	28	6.5	F	VE	C57 (F) x CAST (M)
EB_2106	NA	CAST (F) x C57 (M)	28	6.5	F	VE	C57 (F) x CAST (M)
EB_2107	NA	CAST (F) x C57 (M)	28	6.5	F	EPI	C57 (F) x CAST (M)
EB_2108	NA	CAST (F) x C57 (M)	28	6.5	F	VE	C57 (F) x CAST (M)
EB_2110	NA	CAST (F) x C57 (M)	28	6.5	F	VE	C57 (F) x CAST (M)
EB_2111	NA	CAST (F) x C57 (M)	28	6.5	F	EPI	C57 (F) x CAST (M)
EB_2112	NA	CAST (F) x C57 (M)	28	6.5	F	VE	C57 (F) x CAST (M)
EB_2113	NA	CAST (F) x C57 (M)	28	6.5	F	VE	C57 (F) x CAST (M)
EB_2115	NA	CAST (F) x C57 (M)	28	6.5	F	VE	C57 (F) x CAST (M)
EB_2116	NA	CAST (F) x C57 (M)	28	6.5	F	VE	C57 (F) x CAST (M)
EB_2118	NA	CAST (F) x C57 (M)	28	6.5	F	VE	C57 (F) x CAST (M)
EB_2119	NA	CAST (F) x C57 (M)	28	6.5	F	VE	C57 (F) x CAST (M)
EB_2121	NA	CAST (F) x C57 (M)	28	6.5	F	EPI	C57 (F) x CAST (M)
EB_2123	NA	CAST (F) x C57 (M)	28	6.5	F	VE	C57 (F) x CAST (M)
EB_2124	NA	CAST (F) x C57 (M)	28	6.5	F	EPI	C57 (F) x CAST (M)
EB_2125	NA	CAST (F) x C57 (M)	28	6.5	F	VE	C57 (F) x CAST (M)
EB_2126	NA	CAST (F) x C57 (M)	28	6.5	F	VE	C57 (F) x CAST (M)
EB_2128	NA	CAST (F) x C57 (M)	28	6.5	F	VE	C57 (F) x CAST (M)
EB_2130	NA	CAST (F) x C57 (M)	28	6.5	F	EPI	C57 (F) x CAST (M)
EB_2132	NA	CAST (F) x C57 (M)	28	6.5	F	VE	C57 (F) x CAST (M)
EB_2133	NA	CAST (F) x C57 (M)	28	6.5	F	EPI	C57 (F) x CAST (M)
EB_2134	NA	CAST (F) x C57 (M)	28	6.5	F	EPI	C57 (F) x CAST (M)
EB_2135	NA	CAST (F) x C57 (M)	28	6.5	F	VE	C57 (F) x CAST (M)
EB_2136	NA	CAST (F) x C57 (M)	28	6.5	F	EPI	C57 (F) x CAST (M)
EB_2137	NA	CAST (F) x C57 (M)	28	6.5	F	VE	C57 (F) x CAST (M)
EB_2138	NA	CAST (F) x C57 (M)	28	6.5	F	EPI	C57 (F) x CAST (M)
EB_2139	NA	CAST (F) x C57 (M)	28	6.5	F	EPI	C57 (F) x CAST (M)
EB_2140	NA	CAST (F) x C57 (M)	28	6.5	F	EPI	C57 (F) x CAST (M)
EB_2142	NA	CAST (F) x C57 (M)	28	6.5	F	EPI	C57 (F) x CAST (M)
EB_2143	NA	CAST (F) x C57 (M)	28	6.5	F	ExE	C57 (F) x CAST (M)
EB_2144	NA	CAST (F) x C57 (M)	28	6.5	F	VE	C57 (F) x CAST (M)
EB_2145	NA	CAST (F) x C57 (M)	28	6.5	F	VE	C57 (F) x CAST (M)
EB_2147	NA	CAST (F) x C57 (M)	28	6.5	F	VE	C57 (F) x CAST (M)
EB_2148	NA	CAST (F) x C57 (M)	28	6.5	F	VE	C57 (F) x CAST (M)
EB_2149	NA	CAST (F) x C57 (M)	28	6.5	F	VE	C57 (F) x CAST (M)
EB_2150	NA	CAST (F) x C57 (M)	28	6.5	F	EPI	C57 (F) x CAST (M)
EB_2151	NA	CAST (F) x C57 (M)	28	6.5	F	VE	C57 (F) x CAST (M)
EB_2152	NA	CAST (F) x C57 (M)	28	6.5	F	VE	C57 (F) x CAST (M)
EB_2153	NA	CAST (F) x C57 (M)	28	6.5	F	VE	C57 (F) x CAST (M)
EB_2155	NA	CAST (F) x C57 (M)	28	6.5	F	EPI	C57 (F) x CAST (M)
EB_2156	NA	CAST (F) x C57 (M)	28	6.5	F	VE	C57 (F) x CAST (M)
EB_2158	NA	CAST (F) x C57 (M)	28	6.5	F	VE	C57 (F) x CAST (M)
EB_2159	NA	CAST (F) x C57 (M)	28	6.5	F	VE	C57 (F) x CAST (M)
EB_2160	NA	CAST (F) x C57 (M)	28	6.5	F	VE	C57 (F) x CAST (M)
EB_2163	NA	CAST (F) x C57 (M)	28	6.5	F	VE	C57 (F) x CAST (M)
EB_867	867	C57 (F) x CAST (M)	11	5.5	F	EPI	CAST (F) x C57 (M)
EB_868	868	C57 (F) x CAST (M)	11	5.5	F	VE	CAST (F) x C57 (M)
EB_869	869	C57 (F) x CAST (M)	11	5.5	F	VE	CAST (F) x C57 (M)
EB_871	871	C57 (F) x CAST (M)	11	5.5	F	EPI	CAST (F) x C57 (M)
EB_872	872	C57 (F) x CAST (M)	11	5.5	F	EPI	CAST (F) x C57 (M)
EB_873	873	C57 (F) x CAST (M)	11	5.5	F	VE	CAST (F) x C57 (M)
EB_875	875	C57 (F) x CAST (M)	11	5.5	F	VE	CAST (F) x C57 (M)
EB_878	878	C57 (F) x CAST (M)	11	5.5	F	EPI	CAST (F) x C57 (M)
EB_879	879	C57 (F) x CAST (M)	11	5.5	F	EPI	CAST (F) x C57 (M)
EB_880	880	C57 (F) x CAST (M)	11	5.5	F	VE	CAST (F) x C57 (M)
EB_881	881	C57 (F) x CAST (M)	11	5.5	F	VE	CAST (F) x C57 (M)
EB_888	888	C57 (F) x CAST (M)	11	5.5	F	VE	CAST (F) x C57 (M)
EB_892	892	C57 (F) x CAST (M)	11	5.5	F	VE	CAST (F) x C57 (M)
EB_894	894	C57 (F) x CAST (M)	11	5.5	F	EPI	CAST (F) x C57 (M)
EB_895	895	C57 (F) x CAST (M)	11	5.5	F	EPI	CAST (F) x C57 (M)
EB_897	897	C57 (F) x CAST (M)	11	5.5	F	EPI	CAST (F) x C57 (M)
EB_898	898	C57 (F) x CAST (M)	11	5.5	F	EPI	CAST (F) x C57 (M)
EB_903	903	C57 (F) x CAST (M)	11	5.5	F	VE	CAST (F) x C57 (M)
EB_904	904	C57 (F) x CAST (M)	11	5.5	F	VE	CAST (F) x C57 (M)
EB_905	905	C57 (F) x CAST (M)	11	5.5	F	VE	CAST (F) x C57 (M)
EB_906	906	C57 (F) x CAST (M)	11	5.5	F	EPI	CAST (F) x C57 (M)
EB_907	907	C57 (F) x CAST (M)	11	5.5	F	EPI	CAST (F) x C57 (M)
EB_909	909	C57 (F) x CAST (M)	11	5.5	F	VE	CAST (F) x C57 (M)
EB_910	910	C57 (F) x CAST (M)	11	5.5	F	VE	CAST (F) x C57 (M)
EB_911	911	C57 (F) x CAST (M)	11	5.5	F	VE	CAST (F) x C57 (M)
EB_912	912	C57 (F) x CAST (M)	11	5.5	F	VE	CAST (F) x C57 (M)
EB_914	914	C57 (F) x CAST (M)	11	5.5	F	EPI	CAST (F) x C57 (M)
EB_916	916	C57 (F) x CAST (M)	11	5.5	F	VE	CAST (F) x C57 (M)
EB_918	918	C57 (F) x CAST (M)	12	5.5	F	ExE	CAST (F) x C57 (M)
EB_919	919	C57 (F) x CAST (M)	12	5.5	F	EPI	CAST (F) x C57 (M)
EB_920	920	C57 (F) x CAST (M)	12	5.5	F	ExE	CAST (F) x C57 (M)
EB_921	921	C57 (F) x CAST (M)	12	5.5	F	EPI	CAST (F) x C57 (M)
EB_922	922	C57 (F) x CAST (M)	12	5.5	F	EPI	CAST (F) x C57 (M)
EB_925	925	C57 (F) x CAST (M)	12	5.5	F	EPI	CAST (F) x C57 (M)
EB_926	926	C57 (F) x CAST (M)	12	5.5	F	ExE	CAST (F) x C57 (M)
EB_928	928	C57 (F) x CAST (M)	12	5.5	F	EPI	CAST (F) x C57 (M)
EB_930	930	C57 (F) x CAST (M)	12	5.5	F	ExE	CAST (F) x C57 (M)
EB_931	931	C57 (F) x CAST (M)	12	5.5	F	ExE	CAST (F) x C57 (M)
EB_939	939	C57 (F) x CAST (M)	13	5.5	M	ExE	CAST (F) x C57 (M)
EB_942	942	C57 (F) x CAST (M)	13	5.5	M	ExE	CAST (F) x C57 (M)
EB_943	943	C57 (F) x CAST (M)	13	5.5	M	ExE	CAST (F) x C57 (M)
EB_944	944	C57 (F) x CAST (M)	13	5.5	M	ExE	CAST (F) x C57 (M)
EB_945	945	C57 (F) x CAST (M)	13	5.5	M	VE	CAST (F) x C57 (M)
EB_947	947	C57 (F) x CAST (M)	13	5.5	M	VE	CAST (F) x C57 (M)
EB_948	948	C57 (F) x CAST (M)	13	5.5	M	VE	CAST (F) x C57 (M)
EB_949	949	C57 (F) x CAST (M)	13	5.5	M	ExE	CAST (F) x C57 (M)
EB_950	950	C57 (F) x CAST (M)	13	5.5	M	EPI	CAST (F) x C57 (M)
EB_951	951	C57 (F) x CAST (M)	13	5.5	M	VE	CAST (F) x C57 (M)
EB_953	953	C57 (F) x CAST (M)	13	5.5	M	VE	CAST (F) x C57 (M)
EB_954	954	C57 (F) x CAST (M)	13	5.5	M	ExE	CAST (F) x C57 (M)
EB_955	955	C57 (F) x CAST (M)	13	5.5	M	ExE	CAST (F) x C57 (M)
EB_956	956	C57 (F) x CAST (M)	13	5.5	M	ExE	CAST (F) x C57 (M)
EB_959	959	C57 (F) x CAST (M)	13	5.5	M	EPI	CAST (F) x C57 (M)
EB_962	962	C57 (F) x CAST (M)	13	5.5	M	EPI	CAST (F) x C57 (M)
EB_963	963	C57 (F) x CAST (M)	13	5.5	M	EPI	CAST (F) x C57 (M)
EB_964	964	C57 (F) x CAST (M)	13	5.5	M	ExE	CAST (F) x C57 (M)
EB_965	965	C57 (F) x CAST (M)	13	5.5	M	ExE	CAST (F) x C57 (M)
EB_968	968	C57 (F) x CAST (M)	13	5.5	M	VE	CAST (F) x C57 (M)
EB_969	969	C57 (F) x CAST (M)	13	5.5	M	ExE	CAST (F) x C57 (M)
EB_970	970	C57 (F) x CAST (M)	13	5.5	M	VE	CAST (F) x C57 (M)
EB_972	972	C57 (F) x CAST (M)	13	5.5	M	EPI	CAST (F) x C57 (M)
EB_973	973	C57 (F) x CAST (M)	13	5.5	M	VE	CAST (F) x C57 (M)
EB_974	974	C57 (F) x CAST (M)	13	5.5	M	VE	CAST (F) x C57 (M)
EB_975	975	C57 (F) x CAST (M)	13	5.5	M	VE	CAST (F) x C57 (M)
EB_976	976	C57 (F) x CAST (M)	13	5.5	M	ExE	CAST (F) x C57 (M)
EB_977	977	C57 (F) x CAST (M)	13	5.5	M	VE	CAST (F) x C57 (M)
EB_978	978	C57 (F) x CAST (M)	13	5.5	M	VE	CAST (F) x C57 (M)
EB_979	979	C57 (F) x CAST (M)	13	5.5	M	VE	CAST (F) x C57 (M)
EB_980	980	C57 (F) x CAST (M)	13	5.5	M	ExE	CAST (F) x C57 (M)
EB_982	982	C57 (F) x CAST (M)	13	5.5	M	EPI	CAST (F) x C57 (M)
EB_983	983	C57 (F) x CAST (M)	13	5.5	M	VE	CAST (F) x C57 (M)
EB_984	984	C57 (F) x CAST (M)	13	5.5	M	EPI	CAST (F) x C57 (M)
EB_985	985	C57 (F) x CAST (M)	13	5.5	M	EPI	CAST (F) x C57 (M)
EB_986	986	C57 (F) x CAST (M)	13	5.5	M	EPI	CAST (F) x C57 (M)
EB_987	987	C57 (F) x CAST (M)	13	5.5	M	EPI	CAST (F) x C57 (M)
EB_988	988	C57 (F) x CAST (M)	13	5.5	M	EPI	CAST (F) x C57 (M)
EB_989	989	C57 (F) x CAST (M)	13	5.5	M	EPI	CAST (F) x C57 (M)
EB_990	990	C57 (F) x CAST (M)	13	5.5	M	EPI	CAST (F) x C57 (M)
EB_992	992	C57 (F) x CAST (M)	13	5.5	M	EPI	CAST (F) x C57 (M)
EB_993	993	C57 (F) x CAST (M)	13	5.5	M	EPI	CAST (F) x C57 (M)
EB_994	994	C57 (F) x CAST (M)	13	5.5	M	EPI	CAST (F) x C57 (M)
EB_995	995	C57 (F) x CAST (M)	13	5.5	M	EPI	CAST (F) x C57 (M)
EB_996	996	C57 (F) x CAST (M)	13	5.5	M	ExE	CAST (F) x C57 (M)
EB_997	997	C57 (F) x CAST (M)	13	5.5	M	VE	CAST (F) x C57 (M)
