Sample_ID	Index1	Index2	Diff_day	Sex	Batch	Plate
HCB00101R_A01	AACTGCGA	AAGCTAGG	D1	Female	A	HCB00101
HCB00101R_B01	AACTGCGA	TCACAGCT	D1	Female	A	HCB00101
HCB00101R_C01	AACTGCGA	CCTGATGT	D1	Female	A	HCB00101
HCB00101R_D01	AACTGCGA	TAATGCGG	D1	Female	A	HCB00101
HCB00101R_E01	AACTGCGA	TTCTCCTC	D1	Female	A	HCB00101
HCB00101R_F01	AACTGCGA	AGAGACTG	D1	Female	A	HCB00101
HCB00101R_G01	AACTGCGA	TGAAGCGT	D1	Female	A	HCB00101
HCB00101R_H01	AACTGCGA	ACCGTTAC	D1	Female	A	HCB00101
HCB00101R_I01	AACTGCGA	CTGATTCC	D1	Female	A	HCB00101
HCB00101R_J01	AACTGCGA	AGCGGTAA	D1	Female	A	HCB00101
HCB00101R_K01	AACTGCGA	GAGTGGAA	D1	Female	A	HCB00101
HCB00101R_L01	AACTGCGA	CGAACGTT	D1	Female	A	HCB00101
HCB00101R_M01	AACTGCGA	GAGCTGTA	D1	Female	A	HCB00101
HCB00101R_N01	AACTGCGA	AGAGTTGC	D1	Female	A	HCB00101
HCB00101R_O01	AACTGCGA	CGGAGAGA	D1	Female	A	HCB00101
HCB00101R_P01	AACTGCGA	TCGCATAA	D1	Female	A	HCB00101
HCB00101R_A02	AGTGGATG	AAGCTAGG	D1	Female	A	HCB00101
HCB00101R_B02	AGTGGATG	TCACAGCT	D1	Female	A	HCB00101
HCB00101R_C02	AGTGGATG	CCTGATGT	D1	Female	A	HCB00101
HCB00101R_D02	AGTGGATG	TAATGCGG	D1	Female	A	HCB00101
HCB00101R_E02	AGTGGATG	TTCTCCTC	D1	Female	A	HCB00101
HCB00101R_F02	AGTGGATG	AGAGACTG	D1	Female	A	HCB00101
HCB00101R_G02	AGTGGATG	TGAAGCGT	D1	Female	A	HCB00101
HCB00101R_H02	AGTGGATG	ACCGTTAC	D1	Female	A	HCB00101
HCB00101R_I02	AGTGGATG	CTGATTCC	D1	Female	A	HCB00101
HCB00101R_J02	AGTGGATG	AGCGGTAA	D1	Female	A	HCB00101
HCB00101R_K02	AGTGGATG	GAGTGGAA	D1	Female	A	HCB00101
HCB00101R_L02	AGTGGATG	CGAACGTT	D1	Female	A	HCB00101
HCB00101R_M02	AGTGGATG	GAGCTGTA	D1	Female	A	HCB00101
HCB00101R_N02	AGTGGATG	AGAGTTGC	D1	Female	A	HCB00101
HCB00101R_O02	AGTGGATG	CGGAGAGA	D1	Female	A	HCB00101
HCB00101R_P02	AGTGGATG	TCGCATAA	D1	Female	A	HCB00101
HCB00101R_A03	TCCTTCGA	AAGCTAGG	D1	Female	A	HCB00101
HCB00101R_B03	TCCTTCGA	TCACAGCT	D1	Female	A	HCB00101
HCB00101R_C03	TCCTTCGA	CCTGATGT	D1	Female	A	HCB00101
HCB00101R_D03	TCCTTCGA	TAATGCGG	D1	Female	A	HCB00101
HCB00101R_E03	TCCTTCGA	TTCTCCTC	D1	Female	A	HCB00101
HCB00101R_F03	TCCTTCGA	AGAGACTG	D1	Female	A	HCB00101
HCB00101R_G03	TCCTTCGA	TGAAGCGT	D1	Female	A	HCB00101
HCB00101R_H03	TCCTTCGA	ACCGTTAC	D1	Female	A	HCB00101
HCB00101R_I03	TCCTTCGA	CTGATTCC	D1	Female	A	HCB00101
HCB00101R_J03	TCCTTCGA	AGCGGTAA	D1	Female	A	HCB00101
HCB00101R_K03	TCCTTCGA	GAGTGGAA	D1	Female	A	HCB00101
HCB00101R_L03	TCCTTCGA	CGAACGTT	D1	Female	A	HCB00101
HCB00101R_M03	TCCTTCGA	GAGCTGTA	D1	Female	A	HCB00101
HCB00101R_N03	TCCTTCGA	AGAGTTGC	D1	Female	A	HCB00101
HCB00101R_O03	TCCTTCGA	CGGAGAGA	D1	Female	A	HCB00101
HCB00101R_P03	TCCTTCGA	TCGCATAA	D1	Female	A	HCB00101
HCB00101R_A04	CTGTTACG	AAGCTAGG	D1	Female	A	HCB00101
HCB00101R_B04	CTGTTACG	TCACAGCT	D1	Female	A	HCB00101
HCB00101R_C04	CTGTTACG	CCTGATGT	D1	Female	A	HCB00101
HCB00101R_D04	CTGTTACG	TAATGCGG	D1	Female	A	HCB00101
HCB00101R_E04	CTGTTACG	TTCTCCTC	D1	Female	A	HCB00101
HCB00101R_F04	CTGTTACG	AGAGACTG	D1	Female	A	HCB00101
HCB00101R_G04	CTGTTACG	TGAAGCGT	D1	Female	A	HCB00101
HCB00101R_H04	CTGTTACG	ACCGTTAC	D1	Female	A	HCB00101
HCB00101R_I04	CTGTTACG	CTGATTCC	D1	Female	A	HCB00101
HCB00101R_J04	CTGTTACG	AGCGGTAA	D1	Female	A	HCB00101
HCB00101R_K04	CTGTTACG	GAGTGGAA	D1	Female	A	HCB00101
HCB00101R_L04	CTGTTACG	CGAACGTT	D1	Female	A	HCB00101
HCB00101R_M04	CTGTTACG	GAGCTGTA	D1	Female	A	HCB00101
HCB00101R_N04	CTGTTACG	AGAGTTGC	D1	Female	A	HCB00101
HCB00101R_O04	CTGTTACG	CGGAGAGA	D1	Female	A	HCB00101
HCB00101R_P04	CTGTTACG	TCGCATAA	D1	Female	A	HCB00101
HCB00101R_A05	CCTGCAAT	AAGCTAGG	D1	Female	A	HCB00101
HCB00101R_B05	CCTGCAAT	TCACAGCT	D1	Female	A	HCB00101
HCB00101R_C05	CCTGCAAT	CCTGATGT	D1	Female	A	HCB00101
HCB00101R_D05	CCTGCAAT	TAATGCGG	D1	Female	A	HCB00101
HCB00101R_E05	CCTGCAAT	TTCTCCTC	D1	Female	A	HCB00101
HCB00101R_F05	CCTGCAAT	AGAGACTG	D1	Female	A	HCB00101
HCB00101R_G05	CCTGCAAT	TGAAGCGT	D1	Female	A	HCB00101
HCB00101R_H05	CCTGCAAT	ACCGTTAC	D1	Female	A	HCB00101
HCB00101R_I05	CCTGCAAT	CTGATTCC	D1	Female	A	HCB00101
HCB00101R_J05	CCTGCAAT	AGCGGTAA	D1	Female	A	HCB00101
HCB00101R_K05	CCTGCAAT	GAGTGGAA	D1	Female	A	HCB00101
HCB00101R_L05	CCTGCAAT	CGAACGTT	D1	Female	A	HCB00101
HCB00101R_M05	CCTGCAAT	GAGCTGTA	D1	Female	A	HCB00101
HCB00101R_N05	CCTGCAAT	AGAGTTGC	D1	Female	A	HCB00101
HCB00101R_O05	CCTGCAAT	CGGAGAGA	D1	Female	A	HCB00101
HCB00101R_P05	CCTGCAAT	TCGCATAA	D1	Female	A	HCB00101
HCB00101R_A06	TGCGATAG	AAGCTAGG	D1	Female	A	HCB00101
HCB00101R_B06	TGCGATAG	TCACAGCT	D1	Female	A	HCB00101
HCB00101R_C06	TGCGATAG	CCTGATGT	D1	Female	A	HCB00101
HCB00101R_D06	TGCGATAG	TAATGCGG	D1	Female	A	HCB00101
HCB00101R_E06	TGCGATAG	TTCTCCTC	D1	Female	A	HCB00101
HCB00101R_F06	TGCGATAG	AGAGACTG	D1	Female	A	HCB00101
HCB00101R_G06	TGCGATAG	TGAAGCGT	D1	Female	A	HCB00101
HCB00101R_H06	TGCGATAG	ACCGTTAC	D1	Female	A	HCB00101
HCB00101R_I06	TGCGATAG	CTGATTCC	D1	Female	A	HCB00101
HCB00101R_J06	TGCGATAG	AGCGGTAA	D1	Female	A	HCB00101
HCB00101R_K06	TGCGATAG	GAGTGGAA	D1	Female	A	HCB00101
HCB00101R_L06	TGCGATAG	CGAACGTT	D1	Female	A	HCB00101
HCB00101R_M06	TGCGATAG	GAGCTGTA	D1	Female	A	HCB00101
HCB00101R_N06	TGCGATAG	AGAGTTGC	D1	Female	A	HCB00101
HCB00101R_O06	TGCGATAG	CGGAGAGA	D1	Female	A	HCB00101
HCB00101R_P06	TGCGATAG	TCGCATAA	D1	Female	A	HCB00101
HCB00101R_A07	GAGGATGA	AAGCTAGG	D1	Female	A	HCB00101
HCB00101R_B07	GAGGATGA	TCACAGCT	D1	Female	A	HCB00101
HCB00101R_C07	GAGGATGA	CCTGATGT	D1	Female	A	HCB00101
HCB00101R_D07	GAGGATGA	TAATGCGG	D1	Female	A	HCB00101
HCB00101R_E07	GAGGATGA	TTCTCCTC	D1	Female	A	HCB00101
HCB00101R_F07	GAGGATGA	AGAGACTG	D1	Female	A	HCB00101
HCB00101R_G07	GAGGATGA	TGAAGCGT	D1	Female	A	HCB00101
HCB00101R_H07	GAGGATGA	ACCGTTAC	D1	Female	A	HCB00101
HCB00101R_I07	GAGGATGA	CTGATTCC	D1	Female	A	HCB00101
HCB00101R_J07	GAGGATGA	AGCGGTAA	D1	Female	A	HCB00101
HCB00101R_K07	GAGGATGA	GAGTGGAA	D1	Female	A	HCB00101
HCB00101R_L07	GAGGATGA	CGAACGTT	D1	Female	A	HCB00101
HCB00101R_M07	GAGGATGA	GAGCTGTA	D1	Female	A	HCB00101
HCB00101R_N07	GAGGATGA	AGAGTTGC	D1	Female	A	HCB00101
HCB00101R_O07	GAGGATGA	CGGAGAGA	D1	Female	A	HCB00101
HCB00101R_P07	GAGGATGA	TCGCATAA	D1	Female	A	HCB00101
HCB00101R_A08	GCTTAGAG	AAGCTAGG	D1	Female	A	HCB00101
HCB00101R_B08	GCTTAGAG	TCACAGCT	D1	Female	A	HCB00101
HCB00101R_C08	GCTTAGAG	CCTGATGT	D1	Female	A	HCB00101
HCB00101R_D08	GCTTAGAG	TAATGCGG	D1	Female	A	HCB00101
HCB00101R_E08	GCTTAGAG	TTCTCCTC	D1	Female	A	HCB00101
HCB00101R_F08	GCTTAGAG	AGAGACTG	D1	Female	A	HCB00101
HCB00101R_G08	GCTTAGAG	TGAAGCGT	D1	Female	A	HCB00101
HCB00101R_H08	GCTTAGAG	ACCGTTAC	D1	Female	A	HCB00101
HCB00101R_I08	GCTTAGAG	CTGATTCC	D1	Female	A	HCB00101
HCB00101R_J08	GCTTAGAG	AGCGGTAA	D1	Female	A	HCB00101
HCB00101R_K08	GCTTAGAG	GAGTGGAA	D1	Female	A	HCB00101
HCB00101R_L08	GCTTAGAG	CGAACGTT	D1	Female	A	HCB00101
HCB00101R_M08	GCTTAGAG	GAGCTGTA	D1	Female	A	HCB00101
HCB00101R_N08	GCTTAGAG	AGAGTTGC	D1	Female	A	HCB00101
HCB00101R_O08	GCTTAGAG	CGGAGAGA	D1	Female	A	HCB00101
HCB00101R_P08	GCTTAGAG	TCGCATAA	D1	Female	A	HCB00101
HCB00101R_A09	TTCGATGC	AAGCTAGG	D1	Female	A	HCB00101
HCB00101R_B09	TTCGATGC	TCACAGCT	D1	Female	A	HCB00101
HCB00101R_C09	TTCGATGC	CCTGATGT	D1	Female	A	HCB00101
HCB00101R_D09	TTCGATGC	TAATGCGG	D1	Female	A	HCB00101
HCB00101R_E09	TTCGATGC	TTCTCCTC	D1	Female	A	HCB00101
HCB00101R_F09	TTCGATGC	AGAGACTG	D1	Female	A	HCB00101
HCB00101R_G09	TTCGATGC	TGAAGCGT	D1	Female	A	HCB00101
HCB00101R_H09	TTCGATGC	ACCGTTAC	D1	Female	A	HCB00101
HCB00101R_I09	TTCGATGC	CTGATTCC	D1	Female	A	HCB00101
HCB00101R_J09	TTCGATGC	AGCGGTAA	D1	Female	A	HCB00101
HCB00101R_K09	TTCGATGC	GAGTGGAA	D1	Female	A	HCB00101
HCB00101R_L09	TTCGATGC	CGAACGTT	D1	Female	A	HCB00101
HCB00101R_M09	TTCGATGC	GAGCTGTA	D1	Female	A	HCB00101
HCB00101R_N09	TTCGATGC	AGAGTTGC	D1	Female	A	HCB00101
HCB00101R_O09	TTCGATGC	CGGAGAGA	D1	Female	A	HCB00101
HCB00101R_P09	TTCGATGC	TCGCATAA	D1	Female	A	HCB00101
HCB00101R_A10	CTGCTGAT	AAGCTAGG	D1	Female	A	HCB00101
HCB00101R_B10	CTGCTGAT	TCACAGCT	D1	Female	A	HCB00101
HCB00101R_C10	CTGCTGAT	CCTGATGT	D1	Female	A	HCB00101
HCB00101R_D10	CTGCTGAT	TAATGCGG	D1	Female	A	HCB00101
HCB00101R_E10	CTGCTGAT	TTCTCCTC	D1	Female	A	HCB00101
HCB00101R_F10	CTGCTGAT	AGAGACTG	D1	Female	A	HCB00101
HCB00101R_G10	CTGCTGAT	TGAAGCGT	D1	Female	A	HCB00101
HCB00101R_H10	CTGCTGAT	ACCGTTAC	D1	Female	A	HCB00101
HCB00101R_I10	CTGCTGAT	CTGATTCC	D1	Female	A	HCB00101
HCB00101R_J10	CTGCTGAT	AGCGGTAA	D1	Female	A	HCB00101
HCB00101R_K10	CTGCTGAT	GAGTGGAA	D1	Female	A	HCB00101
HCB00101R_L10	CTGCTGAT	CGAACGTT	D1	Female	A	HCB00101
HCB00101R_M10	CTGCTGAT	GAGCTGTA	D1	Female	A	HCB00101
HCB00101R_N10	CTGCTGAT	AGAGTTGC	D1	Female	A	HCB00101
HCB00101R_O10	CTGCTGAT	CGGAGAGA	D1	Female	A	HCB00101
HCB00101R_P10	CTGCTGAT	TCGCATAA	D1	Female	A	HCB00101
HCB00101R_A11	TGGCTTCT	AAGCTAGG	D1	Female	A	HCB00101
HCB00101R_B11	TGGCTTCT	TCACAGCT	D1	Female	A	HCB00101
HCB00101R_C11	TGGCTTCT	CCTGATGT	D1	Female	A	HCB00101
HCB00101R_D11	TGGCTTCT	TAATGCGG	D1	Female	A	HCB00101
HCB00101R_E11	TGGCTTCT	TTCTCCTC	D1	Female	A	HCB00101
HCB00101R_F11	TGGCTTCT	AGAGACTG	D1	Female	A	HCB00101
HCB00101R_G11	TGGCTTCT	TGAAGCGT	D1	Female	A	HCB00101
HCB00101R_H11	TGGCTTCT	ACCGTTAC	D1	Female	A	HCB00101
HCB00101R_I11	TGGCTTCT	CTGATTCC	D1	Female	A	HCB00101
HCB00101R_J11	TGGCTTCT	AGCGGTAA	D1	Female	A	HCB00101
HCB00101R_K11	TGGCTTCT	GAGTGGAA	D1	Female	A	HCB00101
HCB00101R_L11	TGGCTTCT	CGAACGTT	D1	Female	A	HCB00101
HCB00101R_M11	TGGCTTCT	GAGCTGTA	D1	Female	A	HCB00101
HCB00101R_N11	TGGCTTCT	AGAGTTGC	D1	Female	A	HCB00101
HCB00101R_O11	TGGCTTCT	CGGAGAGA	D1	Female	A	HCB00101
HCB00101R_P11	TGGCTTCT	TCGCATAA	D1	Female	A	HCB00101
HCB00101R_A12	CGTACAAG	AAGCTAGG	D1	Female	A	HCB00101
HCB00101R_B12	CGTACAAG	TCACAGCT	D1	Female	A	HCB00101
HCB00101R_C12	CGTACAAG	CCTGATGT	D1	Female	A	HCB00101
HCB00101R_D12	CGTACAAG	TAATGCGG	D1	Female	A	HCB00101
HCB00101R_E12	CGTACAAG	TTCTCCTC	D1	Female	A	HCB00101
HCB00101R_F12	CGTACAAG	AGAGACTG	D1	Female	A	HCB00101
HCB00101R_G12	CGTACAAG	TGAAGCGT	D1	Female	A	HCB00101
HCB00101R_H12	CGTACAAG	ACCGTTAC	D1	Female	A	HCB00101
HCB00101R_I12	CGTACAAG	CTGATTCC	D1	Female	A	HCB00101
HCB00101R_J12	CGTACAAG	AGCGGTAA	D1	Female	A	HCB00101
HCB00101R_K12	CGTACAAG	GAGTGGAA	D1	Female	A	HCB00101
HCB00101R_L12	CGTACAAG	CGAACGTT	D1	Female	A	HCB00101
HCB00101R_M12	CGTACAAG	GAGCTGTA	D1	Female	A	HCB00101
HCB00101R_N12	CGTACAAG	AGAGTTGC	D1	Female	A	HCB00101
HCB00101R_O12	CGTACAAG	CGGAGAGA	D1	Female	A	HCB00101
HCB00101R_P12	CGTACAAG	TCGCATAA	D1	Female	A	HCB00101
HCB00101R_A13	CAAGGTTG	AAGCTAGG	D1	Female	A	HCB00101
HCB00101R_B13	CAAGGTTG	TCACAGCT	D1	Female	A	HCB00101
HCB00101R_C13	CAAGGTTG	CCTGATGT	D1	Female	A	HCB00101
HCB00101R_D13	CAAGGTTG	TAATGCGG	D1	Female	A	HCB00101
HCB00101R_E13	CAAGGTTG	TTCTCCTC	D1	Female	A	HCB00101
HCB00101R_F13	CAAGGTTG	AGAGACTG	D1	Female	A	HCB00101
HCB00101R_G13	CAAGGTTG	TGAAGCGT	D1	Female	A	HCB00101
HCB00101R_H13	CAAGGTTG	ACCGTTAC	D1	Female	A	HCB00101
HCB00101R_I13	CAAGGTTG	CTGATTCC	D1	Female	A	HCB00101
HCB00101R_J13	CAAGGTTG	AGCGGTAA	D1	Female	A	HCB00101
HCB00101R_K13	CAAGGTTG	GAGTGGAA	D1	Female	A	HCB00101
HCB00101R_L13	CAAGGTTG	CGAACGTT	D1	Female	A	HCB00101
HCB00101R_M13	CAAGGTTG	GAGCTGTA	D1	Female	A	HCB00101
HCB00101R_N13	CAAGGTTG	AGAGTTGC	D1	Female	A	HCB00101
HCB00101R_O13	CAAGGTTG	CGGAGAGA	D1	Female	A	HCB00101
HCB00101R_P13	CAAGGTTG	TCGCATAA	D1	Female	A	HCB00101
HCB00101R_A14	GCAAGATG	AAGCTAGG	D1	Female	A	HCB00101
HCB00101R_B14	GCAAGATG	TCACAGCT	D1	Female	A	HCB00101
HCB00101R_C14	GCAAGATG	CCTGATGT	D1	Female	A	HCB00101
HCB00101R_D14	GCAAGATG	TAATGCGG	D1	Female	A	HCB00101
HCB00101R_E14	GCAAGATG	TTCTCCTC	D1	Female	A	HCB00101
HCB00101R_F14	GCAAGATG	AGAGACTG	D1	Female	A	HCB00101
HCB00101R_G14	GCAAGATG	TGAAGCGT	D1	Female	A	HCB00101
HCB00101R_H14	GCAAGATG	ACCGTTAC	D1	Female	A	HCB00101
HCB00101R_I14	GCAAGATG	CTGATTCC	D1	Female	A	HCB00101
HCB00101R_J14	GCAAGATG	AGCGGTAA	D1	Female	A	HCB00101
HCB00101R_K14	GCAAGATG	GAGTGGAA	D1	Female	A	HCB00101
HCB00101R_L14	GCAAGATG	CGAACGTT	D1	Female	A	HCB00101
HCB00101R_M14	GCAAGATG	GAGCTGTA	D1	Female	A	HCB00101
HCB00101R_N14	GCAAGATG	AGAGTTGC	D1	Female	A	HCB00101
HCB00101R_O14	GCAAGATG	CGGAGAGA	D1	Female	A	HCB00101
HCB00101R_P14	GCAAGATG	TCGCATAA	D1	Female	A	HCB00101
HCB00101R_A15	GCCATCTA	AAGCTAGG	D1	Female	A	HCB00101
HCB00101R_B15	GCCATCTA	TCACAGCT	D1	Female	A	HCB00101
HCB00101R_C15	GCCATCTA	CCTGATGT	D1	Female	A	HCB00101
HCB00101R_D15	GCCATCTA	TAATGCGG	D1	Female	A	HCB00101
HCB00101R_E15	GCCATCTA	TTCTCCTC	D1	Female	A	HCB00101
HCB00101R_F15	GCCATCTA	AGAGACTG	D1	Female	A	HCB00101
HCB00101R_G15	GCCATCTA	TGAAGCGT	D1	Female	A	HCB00101
HCB00101R_H15	GCCATCTA	ACCGTTAC	D1	Female	A	HCB00101
HCB00101R_I15	GCCATCTA	CTGATTCC	D1	Female	A	HCB00101
HCB00101R_J15	GCCATCTA	AGCGGTAA	D1	Female	A	HCB00101
HCB00101R_K15	GCCATCTA	GAGTGGAA	D1	Female	A	HCB00101
HCB00101R_L15	GCCATCTA	CGAACGTT	D1	Female	A	HCB00101
HCB00101R_M15	GCCATCTA	GAGCTGTA	D1	Female	A	HCB00101
HCB00101R_N15	GCCATCTA	AGAGTTGC	D1	Female	A	HCB00101
HCB00101R_O15	GCCATCTA	CGGAGAGA	D1	Female	A	HCB00101
HCB00101R_P15	GCCATCTA	TCGCATAA	D1	Female	A	HCB00101
HCB00101R_A16	ATCTGGAC	AAGCTAGG	D1	Female	A	HCB00101
HCB00101R_B16	ATCTGGAC	TCACAGCT	D1	Female	A	HCB00101
HCB00101R_C16	ATCTGGAC	CCTGATGT	D1	Female	A	HCB00101
HCB00101R_D16	ATCTGGAC	TAATGCGG	D1	Female	A	HCB00101
HCB00101R_E16	ATCTGGAC	TTCTCCTC	D1	Female	A	HCB00101
HCB00101R_F16	ATCTGGAC	AGAGACTG	D1	Female	A	HCB00101
HCB00101R_G16	ATCTGGAC	TGAAGCGT	D1	Female	A	HCB00101
HCB00101R_H16	ATCTGGAC	ACCGTTAC	D1	Female	A	HCB00101
HCB00101R_I16	ATCTGGAC	CTGATTCC	D1	Female	A	HCB00101
HCB00101R_J16	ATCTGGAC	AGCGGTAA	D1	Female	A	HCB00101
HCB00101R_K16	ATCTGGAC	GAGTGGAA	D1	Female	A	HCB00101
HCB00101R_L16	ATCTGGAC	CGAACGTT	D1	Female	A	HCB00101
HCB00101R_M16	ATCTGGAC	GAGCTGTA	D1	Female	A	HCB00101
HCB00101R_N16	ATCTGGAC	AGAGTTGC	D1	Female	A	HCB00101
HCB00101R_O16	ATCTGGAC	CGGAGAGA	D1	Female	A	HCB00101
HCB00101R_P16	ATCTGGAC	TCGCATAA	D1	Female	A	HCB00101
HCB00101R_A17	ATCACCGA	AAGCTAGG	D1	Female	A	HCB00101
HCB00101R_B17	ATCACCGA	TCACAGCT	D1	Female	A	HCB00101
HCB00101R_C17	ATCACCGA	CCTGATGT	D1	Female	A	HCB00101
HCB00101R_D17	ATCACCGA	TAATGCGG	D1	Female	A	HCB00101
HCB00101R_E17	ATCACCGA	TTCTCCTC	D1	Female	A	HCB00101
HCB00101R_F17	ATCACCGA	AGAGACTG	D1	Female	A	HCB00101
HCB00101R_G17	ATCACCGA	TGAAGCGT	D1	Female	A	HCB00101
HCB00101R_H17	ATCACCGA	ACCGTTAC	D1	Female	A	HCB00101
HCB00101R_I17	ATCACCGA	CTGATTCC	D1	Female	A	HCB00101
HCB00101R_J17	ATCACCGA	AGCGGTAA	D1	Female	A	HCB00101
HCB00101R_K17	ATCACCGA	GAGTGGAA	D1	Female	A	HCB00101
HCB00101R_L17	ATCACCGA	CGAACGTT	D1	Female	A	HCB00101
HCB00101R_M17	ATCACCGA	GAGCTGTA	D1	Female	A	HCB00101
HCB00101R_N17	ATCACCGA	AGAGTTGC	D1	Female	A	HCB00101
HCB00101R_O17	ATCACCGA	CGGAGAGA	D1	Female	A	HCB00101
HCB00101R_P17	ATCACCGA	TCGCATAA	D1	Female	A	HCB00101
HCB00101R_A18	GTTCATCC	AAGCTAGG	D1	Female	A	HCB00101
HCB00101R_B18	GTTCATCC	TCACAGCT	D1	Female	A	HCB00101
HCB00101R_C18	GTTCATCC	CCTGATGT	D1	Female	A	HCB00101
HCB00101R_D18	GTTCATCC	TAATGCGG	D1	Female	A	HCB00101
HCB00101R_E18	GTTCATCC	TTCTCCTC	D1	Female	A	HCB00101
HCB00101R_F18	GTTCATCC	AGAGACTG	D1	Female	A	HCB00101
HCB00101R_G18	GTTCATCC	TGAAGCGT	D1	Female	A	HCB00101
HCB00101R_H18	GTTCATCC	ACCGTTAC	D1	Female	A	HCB00101
HCB00101R_I18	GTTCATCC	CTGATTCC	D1	Female	A	HCB00101
HCB00101R_J18	GTTCATCC	AGCGGTAA	D1	Female	A	HCB00101
HCB00101R_K18	GTTCATCC	GAGTGGAA	D1	Female	A	HCB00101
HCB00101R_L18	GTTCATCC	CGAACGTT	D1	Female	A	HCB00101
HCB00101R_M18	GTTCATCC	GAGCTGTA	D1	Female	A	HCB00101
HCB00101R_N18	GTTCATCC	AGAGTTGC	D1	Female	A	HCB00101
HCB00101R_O18	GTTCATCC	CGGAGAGA	D1	Female	A	HCB00101
HCB00101R_P18	GTTCATCC	TCGCATAA	D1	Female	A	HCB00101
HCB00101R_A19	TTGGACTC	AAGCTAGG	D1	Female	A	HCB00101
HCB00101R_B19	TTGGACTC	TCACAGCT	D1	Female	A	HCB00101
HCB00101R_C19	TTGGACTC	CCTGATGT	D1	Female	A	HCB00101
HCB00101R_D19	TTGGACTC	TAATGCGG	D1	Female	A	HCB00101
HCB00101R_E19	TTGGACTC	TTCTCCTC	D1	Female	A	HCB00101
HCB00101R_F19	TTGGACTC	AGAGACTG	D1	Female	A	HCB00101
HCB00101R_G19	TTGGACTC	TGAAGCGT	D1	Female	A	HCB00101
HCB00101R_H19	TTGGACTC	ACCGTTAC	D1	Female	A	HCB00101
HCB00101R_I19	TTGGACTC	CTGATTCC	D1	Female	A	HCB00101
HCB00101R_J19	TTGGACTC	AGCGGTAA	D1	Female	A	HCB00101
HCB00101R_K19	TTGGACTC	GAGTGGAA	D1	Female	A	HCB00101
HCB00101R_L19	TTGGACTC	CGAACGTT	D1	Female	A	HCB00101
HCB00101R_M19	TTGGACTC	GAGCTGTA	D1	Female	A	HCB00101
HCB00101R_N19	TTGGACTC	AGAGTTGC	D1	Female	A	HCB00101
HCB00101R_O19	TTGGACTC	CGGAGAGA	D1	Female	A	HCB00101
HCB00101R_P19	TTGGACTC	TCGCATAA	D1	Female	A	HCB00101
HCB00101R_A20	GATGCGTT	AAGCTAGG	D1	Female	A	HCB00101
HCB00101R_B20	GATGCGTT	TCACAGCT	D1	Female	A	HCB00101
HCB00101R_C20	GATGCGTT	CCTGATGT	D1	Female	A	HCB00101
HCB00101R_D20	GATGCGTT	TAATGCGG	D1	Female	A	HCB00101
HCB00101R_E20	GATGCGTT	TTCTCCTC	D1	Female	A	HCB00101
HCB00101R_F20	GATGCGTT	AGAGACTG	D1	Female	A	HCB00101
HCB00101R_G20	GATGCGTT	TGAAGCGT	D1	Female	A	HCB00101
HCB00101R_H20	GATGCGTT	ACCGTTAC	D1	Female	A	HCB00101
HCB00101R_I20	GATGCGTT	CTGATTCC	D1	Female	A	HCB00101
HCB00101R_J20	GATGCGTT	AGCGGTAA	D1	Female	A	HCB00101
HCB00101R_K20	GATGCGTT	GAGTGGAA	D1	Female	A	HCB00101
HCB00101R_L20	GATGCGTT	CGAACGTT	D1	Female	A	HCB00101
HCB00101R_M20	GATGCGTT	GAGCTGTA	D1	Female	A	HCB00101
HCB00101R_N20	GATGCGTT	AGAGTTGC	D1	Female	A	HCB00101
HCB00101R_O20	GATGCGTT	CGGAGAGA	D1	Female	A	HCB00101
HCB00101R_P20	GATGCGTT	TCGCATAA	D1	Female	A	HCB00101
HCB00101R_A21	TGTCACCT	AAGCTAGG	D1	Female	A	HCB00101
HCB00101R_B21	TGTCACCT	TCACAGCT	D1	Female	A	HCB00101
HCB00101R_C21	TGTCACCT	CCTGATGT	D1	Female	A	HCB00101
HCB00101R_D21	TGTCACCT	TAATGCGG	D1	Female	A	HCB00101
HCB00101R_E21	TGTCACCT	TTCTCCTC	D1	Female	A	HCB00101
HCB00101R_F21	TGTCACCT	AGAGACTG	D1	Female	A	HCB00101
HCB00101R_G21	TGTCACCT	TGAAGCGT	D1	Female	A	HCB00101
HCB00101R_H21	TGTCACCT	ACCGTTAC	D1	Female	A	HCB00101
HCB00101R_I21	TGTCACCT	CTGATTCC	D1	Female	A	HCB00101
HCB00101R_J21	TGTCACCT	AGCGGTAA	D1	Female	A	HCB00101
HCB00101R_K21	TGTCACCT	GAGTGGAA	D1	Female	A	HCB00101
HCB00101R_L21	TGTCACCT	CGAACGTT	D1	Female	A	HCB00101
HCB00101R_M21	TGTCACCT	GAGCTGTA	D1	Female	A	HCB00101
HCB00101R_N21	TGTCACCT	AGAGTTGC	D1	Female	A	HCB00101
HCB00101R_O21	TGTCACCT	CGGAGAGA	D1	Female	A	HCB00101
HCB00101R_P21	TGTCACCT	TCGCATAA	D1	Female	A	HCB00101
HCB00101R_A22	CGAATACC	AAGCTAGG	D1	Female	A	HCB00101
HCB00101R_B22	CGAATACC	TCACAGCT	D1	Female	A	HCB00101
HCB00101R_C22	CGAATACC	CCTGATGT	D1	Female	A	HCB00101
HCB00101R_D22	CGAATACC	TAATGCGG	D1	Female	A	HCB00101
HCB00101R_E22	CGAATACC	TTCTCCTC	D1	Female	A	HCB00101
HCB00101R_F22	CGAATACC	AGAGACTG	D1	Female	A	HCB00101
HCB00101R_G22	CGAATACC	TGAAGCGT	D1	Female	A	HCB00101
HCB00101R_H22	CGAATACC	ACCGTTAC	D1	Female	A	HCB00101
HCB00101R_I22	CGAATACC	CTGATTCC	D1	Female	A	HCB00101
HCB00101R_J22	CGAATACC	AGCGGTAA	D1	Female	A	HCB00101
HCB00101R_K22	CGAATACC	GAGTGGAA	D1	Female	A	HCB00101
HCB00101R_L22	CGAATACC	CGAACGTT	D1	Female	A	HCB00101
HCB00101R_M22	CGAATACC	GAGCTGTA	D1	Female	A	HCB00101
HCB00101R_N22	CGAATACC	AGAGTTGC	D1	Female	A	HCB00101
HCB00101R_O22	CGAATACC	CGGAGAGA	D1	Female	A	HCB00101
HCB00101R_P22	CGAATACC	TCGCATAA	D1	Female	A	HCB00101
HCB00101R_A23	ACAAGCGA	AAGCTAGG	D1	Female	A	HCB00101
HCB00101R_B23	ACAAGCGA	TCACAGCT	D1	Female	A	HCB00101
HCB00101R_C23	ACAAGCGA	CCTGATGT	D1	Female	A	HCB00101
HCB00101R_D23	ACAAGCGA	TAATGCGG	D1	Female	A	HCB00101
HCB00101R_E23	ACAAGCGA	TTCTCCTC	D1	Female	A	HCB00101
HCB00101R_F23	ACAAGCGA	AGAGACTG	D1	Female	A	HCB00101
HCB00101R_G23	ACAAGCGA	TGAAGCGT	D1	Female	A	HCB00101
HCB00101R_H23	ACAAGCGA	ACCGTTAC	D1	Female	A	HCB00101
HCB00101R_I23	ACAAGCGA	CTGATTCC	D1	Female	A	HCB00101
HCB00101R_J23	ACAAGCGA	AGCGGTAA	D1	Female	A	HCB00101
HCB00101R_K23	ACAAGCGA	GAGTGGAA	D1	Female	A	HCB00101
HCB00101R_L23	ACAAGCGA	CGAACGTT	D1	Female	A	HCB00101
HCB00101R_M23	ACAAGCGA	GAGCTGTA	D1	Female	A	HCB00101
HCB00101R_N23	ACAAGCGA	AGAGTTGC	D1	Female	A	HCB00101
HCB00101R_O23	ACAAGCGA	CGGAGAGA	D1	Female	A	HCB00101
HCB00101R_P23	ACAAGCGA	TCGCATAA	D1	Female	A	HCB00101
HCB00101R_A24	TAACCGGT	AAGCTAGG	D1	Female	A	HCB00101
HCB00101R_B24	TAACCGGT	TCACAGCT	D1	Female	A	HCB00101
HCB00101R_C24	TAACCGGT	CCTGATGT	D1	Female	A	HCB00101
HCB00101R_D24	TAACCGGT	TAATGCGG	D1	Female	A	HCB00101
HCB00101R_E24	TAACCGGT	TTCTCCTC	D1	Female	A	HCB00101
HCB00101R_F24	TAACCGGT	AGAGACTG	D1	Female	A	HCB00101
HCB00101R_G24	TAACCGGT	TGAAGCGT	D1	Female	A	HCB00101
HCB00101R_H24	TAACCGGT	ACCGTTAC	D1	Female	A	HCB00101
HCB00101R_I24	TAACCGGT	CTGATTCC	D1	Female	A	HCB00101
HCB00101R_J24	TAACCGGT	AGCGGTAA	D1	Female	A	HCB00101
HCB00101R_K24	TAACCGGT	GAGTGGAA	D1	Female	A	HCB00101
HCB00101R_L24	TAACCGGT	CGAACGTT	D1	Female	A	HCB00101
HCB00101R_M24	TAACCGGT	GAGCTGTA	D1	Female	A	HCB00101
HCB00101R_N24	TAACCGGT	AGAGTTGC	D1	Female	A	HCB00101
HCB00101R_O24	TAACCGGT	CGGAGAGA	D1	Female	A	HCB00101
HCB00101R_P24	TAACCGGT	TCGCATAA	D1	Female	A	HCB00101
HCB00102R_A01	AACTGCGA	CAGCAGTT	D1	Female	A	HCB00102
HCB00102R_B01	AACTGCGA	AAGTGCTC	D1	Female	A	HCB00102
HCB00102R_C01	AACTGCGA	CATCGCAA	D1	Female	A	HCB00102
HCB00102R_D01	AACTGCGA	TAGCCGAA	D1	Female	A	HCB00102
HCB00102R_E01	AACTGCGA	GCTCTGAA	D1	Female	A	HCB00102
HCB00102R_F01	AACTGCGA	TTAGGTCC	D1	Female	A	HCB00102
HCB00102R_G01	AACTGCGA	TCCTCAGT	D1	Female	A	HCB00102
HCB00102R_H01	AACTGCGA	CGTTAAGC	D1	Female	A	HCB00102
HCB00102R_I01	AACTGCGA	AGCGAACT	D1	Female	A	HCB00102
HCB00102R_J01	AACTGCGA	TCGTCCTT	D1	Female	A	HCB00102
HCB00102R_K01	AACTGCGA	GAGATTCG	D1	Female	A	HCB00102
HCB00102R_L01	AACTGCGA	GTGACAGT	D1	Female	A	HCB00102
HCB00102R_M01	AACTGCGA	ACTTCACG	D1	Female	A	HCB00102
HCB00102R_N01	AACTGCGA	CCTAGACA	D1	Female	A	HCB00102
HCB00102R_O01	AACTGCGA	GTTACTGG	D1	Female	A	HCB00102
HCB00102R_P01	AACTGCGA	ATCTCTGG	D1	Female	A	HCB00102
HCB00102R_A02	AGTGGATG	CAGCAGTT	D1	Female	A	HCB00102
HCB00102R_B02	AGTGGATG	AAGTGCTC	D1	Female	A	HCB00102
HCB00102R_C02	AGTGGATG	CATCGCAA	D1	Female	A	HCB00102
HCB00102R_D02	AGTGGATG	TAGCCGAA	D1	Female	A	HCB00102
HCB00102R_E02	AGTGGATG	GCTCTGAA	D1	Female	A	HCB00102
HCB00102R_F02	AGTGGATG	TTAGGTCC	D1	Female	A	HCB00102
HCB00102R_G02	AGTGGATG	TCCTCAGT	D1	Female	A	HCB00102
HCB00102R_H02	AGTGGATG	CGTTAAGC	D1	Female	A	HCB00102
HCB00102R_I02	AGTGGATG	AGCGAACT	D1	Female	A	HCB00102
HCB00102R_J02	AGTGGATG	TCGTCCTT	D1	Female	A	HCB00102
HCB00102R_K02	AGTGGATG	GAGATTCG	D1	Female	A	HCB00102
HCB00102R_L02	AGTGGATG	GTGACAGT	D1	Female	A	HCB00102
HCB00102R_M02	AGTGGATG	ACTTCACG	D1	Female	A	HCB00102
HCB00102R_N02	AGTGGATG	CCTAGACA	D1	Female	A	HCB00102
HCB00102R_O02	AGTGGATG	GTTACTGG	D1	Female	A	HCB00102
HCB00102R_P02	AGTGGATG	ATCTCTGG	D1	Female	A	HCB00102
HCB00102R_A03	TCCTTCGA	CAGCAGTT	D1	Female	A	HCB00102
HCB00102R_B03	TCCTTCGA	AAGTGCTC	D1	Female	A	HCB00102
HCB00102R_C03	TCCTTCGA	CATCGCAA	D1	Female	A	HCB00102
HCB00102R_D03	TCCTTCGA	TAGCCGAA	D1	Female	A	HCB00102
HCB00102R_E03	TCCTTCGA	GCTCTGAA	D1	Female	A	HCB00102
HCB00102R_F03	TCCTTCGA	TTAGGTCC	D1	Female	A	HCB00102
HCB00102R_G03	TCCTTCGA	TCCTCAGT	D1	Female	A	HCB00102
HCB00102R_H03	TCCTTCGA	CGTTAAGC	D1	Female	A	HCB00102
HCB00102R_I03	TCCTTCGA	AGCGAACT	D1	Female	A	HCB00102
HCB00102R_J03	TCCTTCGA	TCGTCCTT	D1	Female	A	HCB00102
HCB00102R_K03	TCCTTCGA	GAGATTCG	D1	Female	A	HCB00102
HCB00102R_L03	TCCTTCGA	GTGACAGT	D1	Female	A	HCB00102
HCB00102R_M03	TCCTTCGA	ACTTCACG	D1	Female	A	HCB00102
HCB00102R_N03	TCCTTCGA	CCTAGACA	D1	Female	A	HCB00102
HCB00102R_O03	TCCTTCGA	GTTACTGG	D1	Female	A	HCB00102
HCB00102R_P03	TCCTTCGA	ATCTCTGG	D1	Female	A	HCB00102
HCB00102R_A04	CTGTTACG	CAGCAGTT	D1	Female	A	HCB00102
HCB00102R_B04	CTGTTACG	AAGTGCTC	D1	Female	A	HCB00102
HCB00102R_C04	CTGTTACG	CATCGCAA	D1	Female	A	HCB00102
HCB00102R_D04	CTGTTACG	TAGCCGAA	D1	Female	A	HCB00102
HCB00102R_E04	CTGTTACG	GCTCTGAA	D1	Female	A	HCB00102
HCB00102R_F04	CTGTTACG	TTAGGTCC	D1	Female	A	HCB00102
HCB00102R_G04	CTGTTACG	TCCTCAGT	D1	Female	A	HCB00102
HCB00102R_H04	CTGTTACG	CGTTAAGC	D1	Female	A	HCB00102
HCB00102R_I04	CTGTTACG	AGCGAACT	D1	Female	A	HCB00102
HCB00102R_J04	CTGTTACG	TCGTCCTT	D1	Female	A	HCB00102
HCB00102R_K04	CTGTTACG	GAGATTCG	D1	Female	A	HCB00102
HCB00102R_L04	CTGTTACG	GTGACAGT	D1	Female	A	HCB00102
HCB00102R_M04	CTGTTACG	ACTTCACG	D1	Female	A	HCB00102
HCB00102R_N04	CTGTTACG	CCTAGACA	D1	Female	A	HCB00102
HCB00102R_O04	CTGTTACG	GTTACTGG	D1	Female	A	HCB00102
HCB00102R_P04	CTGTTACG	ATCTCTGG	D1	Female	A	HCB00102
HCB00102R_A05	CCTGCAAT	CAGCAGTT	D1	Female	A	HCB00102
HCB00102R_B05	CCTGCAAT	AAGTGCTC	D1	Female	A	HCB00102
HCB00102R_C05	CCTGCAAT	CATCGCAA	D1	Female	A	HCB00102
HCB00102R_D05	CCTGCAAT	TAGCCGAA	D1	Female	A	HCB00102
HCB00102R_E05	CCTGCAAT	GCTCTGAA	D1	Female	A	HCB00102
HCB00102R_F05	CCTGCAAT	TTAGGTCC	D1	Female	A	HCB00102
HCB00102R_G05	CCTGCAAT	TCCTCAGT	D1	Female	A	HCB00102
HCB00102R_H05	CCTGCAAT	CGTTAAGC	D1	Female	A	HCB00102
HCB00102R_I05	CCTGCAAT	AGCGAACT	D1	Female	A	HCB00102
HCB00102R_J05	CCTGCAAT	TCGTCCTT	D1	Female	A	HCB00102
HCB00102R_K05	CCTGCAAT	GAGATTCG	D1	Female	A	HCB00102
HCB00102R_L05	CCTGCAAT	GTGACAGT	D1	Female	A	HCB00102
HCB00102R_M05	CCTGCAAT	ACTTCACG	D1	Female	A	HCB00102
HCB00102R_N05	CCTGCAAT	CCTAGACA	D1	Female	A	HCB00102
HCB00102R_O05	CCTGCAAT	GTTACTGG	D1	Female	A	HCB00102
HCB00102R_P05	CCTGCAAT	ATCTCTGG	D1	Female	A	HCB00102
HCB00102R_A06	TGCGATAG	CAGCAGTT	D1	Female	A	HCB00102
HCB00102R_B06	TGCGATAG	AAGTGCTC	D1	Female	A	HCB00102
HCB00102R_C06	TGCGATAG	CATCGCAA	D1	Female	A	HCB00102
HCB00102R_D06	TGCGATAG	TAGCCGAA	D1	Female	A	HCB00102
HCB00102R_E06	TGCGATAG	GCTCTGAA	D1	Female	A	HCB00102
HCB00102R_F06	TGCGATAG	TTAGGTCC	D1	Female	A	HCB00102
HCB00102R_G06	TGCGATAG	TCCTCAGT	D1	Female	A	HCB00102
HCB00102R_H06	TGCGATAG	CGTTAAGC	D1	Female	A	HCB00102
HCB00102R_I06	TGCGATAG	AGCGAACT	D1	Female	A	HCB00102
HCB00102R_J06	TGCGATAG	TCGTCCTT	D1	Female	A	HCB00102
HCB00102R_K06	TGCGATAG	GAGATTCG	D1	Female	A	HCB00102
HCB00102R_L06	TGCGATAG	GTGACAGT	D1	Female	A	HCB00102
HCB00102R_M06	TGCGATAG	ACTTCACG	D1	Female	A	HCB00102
HCB00102R_N06	TGCGATAG	CCTAGACA	D1	Female	A	HCB00102
HCB00102R_O06	TGCGATAG	GTTACTGG	D1	Female	A	HCB00102
HCB00102R_P06	TGCGATAG	ATCTCTGG	D1	Female	A	HCB00102
HCB00102R_A07	GAGGATGA	CAGCAGTT	D1	Female	A	HCB00102
HCB00102R_B07	GAGGATGA	AAGTGCTC	D1	Female	A	HCB00102
HCB00102R_C07	GAGGATGA	CATCGCAA	D1	Female	A	HCB00102
HCB00102R_D07	GAGGATGA	TAGCCGAA	D1	Female	A	HCB00102
HCB00102R_E07	GAGGATGA	GCTCTGAA	D1	Female	A	HCB00102
HCB00102R_F07	GAGGATGA	TTAGGTCC	D1	Female	A	HCB00102
HCB00102R_G07	GAGGATGA	TCCTCAGT	D1	Female	A	HCB00102
HCB00102R_H07	GAGGATGA	CGTTAAGC	D1	Female	A	HCB00102
HCB00102R_I07	GAGGATGA	AGCGAACT	D1	Female	A	HCB00102
HCB00102R_J07	GAGGATGA	TCGTCCTT	D1	Female	A	HCB00102
HCB00102R_K07	GAGGATGA	GAGATTCG	D1	Female	A	HCB00102
HCB00102R_L07	GAGGATGA	GTGACAGT	D1	Female	A	HCB00102
HCB00102R_M07	GAGGATGA	ACTTCACG	D1	Female	A	HCB00102
HCB00102R_N07	GAGGATGA	CCTAGACA	D1	Female	A	HCB00102
HCB00102R_O07	GAGGATGA	GTTACTGG	D1	Female	A	HCB00102
HCB00102R_P07	GAGGATGA	ATCTCTGG	D1	Female	A	HCB00102
HCB00102R_A08	GCTTAGAG	CAGCAGTT	D1	Female	A	HCB00102
HCB00102R_B08	GCTTAGAG	AAGTGCTC	D1	Female	A	HCB00102
HCB00102R_C08	GCTTAGAG	CATCGCAA	D1	Female	A	HCB00102
HCB00102R_D08	GCTTAGAG	TAGCCGAA	D1	Female	A	HCB00102
HCB00102R_E08	GCTTAGAG	GCTCTGAA	D1	Female	A	HCB00102
HCB00102R_F08	GCTTAGAG	TTAGGTCC	D1	Female	A	HCB00102
HCB00102R_G08	GCTTAGAG	TCCTCAGT	D1	Female	A	HCB00102
HCB00102R_H08	GCTTAGAG	CGTTAAGC	D1	Female	A	HCB00102
HCB00102R_I08	GCTTAGAG	AGCGAACT	D1	Female	A	HCB00102
HCB00102R_J08	GCTTAGAG	TCGTCCTT	D1	Female	A	HCB00102
HCB00102R_K08	GCTTAGAG	GAGATTCG	D1	Female	A	HCB00102
HCB00102R_L08	GCTTAGAG	GTGACAGT	D1	Female	A	HCB00102
HCB00102R_M08	GCTTAGAG	ACTTCACG	D1	Female	A	HCB00102
HCB00102R_N08	GCTTAGAG	CCTAGACA	D1	Female	A	HCB00102
HCB00102R_O08	GCTTAGAG	GTTACTGG	D1	Female	A	HCB00102
HCB00102R_P08	GCTTAGAG	ATCTCTGG	D1	Female	A	HCB00102
HCB00102R_A09	TTCGATGC	CAGCAGTT	D1	Female	A	HCB00102
HCB00102R_B09	TTCGATGC	AAGTGCTC	D1	Female	A	HCB00102
HCB00102R_C09	TTCGATGC	CATCGCAA	D1	Female	A	HCB00102
HCB00102R_D09	TTCGATGC	TAGCCGAA	D1	Female	A	HCB00102
HCB00102R_E09	TTCGATGC	GCTCTGAA	D1	Female	A	HCB00102
HCB00102R_F09	TTCGATGC	TTAGGTCC	D1	Female	A	HCB00102
HCB00102R_G09	TTCGATGC	TCCTCAGT	D1	Female	A	HCB00102
HCB00102R_H09	TTCGATGC	CGTTAAGC	D1	Female	A	HCB00102
HCB00102R_I09	TTCGATGC	AGCGAACT	D1	Female	A	HCB00102
HCB00102R_J09	TTCGATGC	TCGTCCTT	D1	Female	A	HCB00102
HCB00102R_K09	TTCGATGC	GAGATTCG	D1	Female	A	HCB00102
HCB00102R_L09	TTCGATGC	GTGACAGT	D1	Female	A	HCB00102
HCB00102R_M09	TTCGATGC	ACTTCACG	D1	Female	A	HCB00102
HCB00102R_N09	TTCGATGC	CCTAGACA	D1	Female	A	HCB00102
HCB00102R_O09	TTCGATGC	GTTACTGG	D1	Female	A	HCB00102
HCB00102R_P09	TTCGATGC	ATCTCTGG	D1	Female	A	HCB00102
HCB00102R_A10	CTGCTGAT	CAGCAGTT	D1	Female	A	HCB00102
HCB00102R_B10	CTGCTGAT	AAGTGCTC	D1	Female	A	HCB00102
HCB00102R_C10	CTGCTGAT	CATCGCAA	D1	Female	A	HCB00102
HCB00102R_D10	CTGCTGAT	TAGCCGAA	D1	Female	A	HCB00102
HCB00102R_E10	CTGCTGAT	GCTCTGAA	D1	Female	A	HCB00102
HCB00102R_F10	CTGCTGAT	TTAGGTCC	D1	Female	A	HCB00102
HCB00102R_G10	CTGCTGAT	TCCTCAGT	D1	Female	A	HCB00102
HCB00102R_H10	CTGCTGAT	CGTTAAGC	D1	Female	A	HCB00102
HCB00102R_I10	CTGCTGAT	AGCGAACT	D1	Female	A	HCB00102
HCB00102R_J10	CTGCTGAT	TCGTCCTT	D1	Female	A	HCB00102
HCB00102R_K10	CTGCTGAT	GAGATTCG	D1	Female	A	HCB00102
HCB00102R_L10	CTGCTGAT	GTGACAGT	D1	Female	A	HCB00102
HCB00102R_M10	CTGCTGAT	ACTTCACG	D1	Female	A	HCB00102
HCB00102R_N10	CTGCTGAT	CCTAGACA	D1	Female	A	HCB00102
HCB00102R_O10	CTGCTGAT	GTTACTGG	D1	Female	A	HCB00102
HCB00102R_P10	CTGCTGAT	ATCTCTGG	D1	Female	A	HCB00102
HCB00102R_A11	TGGCTTCT	CAGCAGTT	D1	Female	A	HCB00102
HCB00102R_B11	TGGCTTCT	AAGTGCTC	D1	Female	A	HCB00102
HCB00102R_C11	TGGCTTCT	CATCGCAA	D1	Female	A	HCB00102
HCB00102R_D11	TGGCTTCT	TAGCCGAA	D1	Female	A	HCB00102
HCB00102R_E11	TGGCTTCT	GCTCTGAA	D1	Female	A	HCB00102
HCB00102R_F11	TGGCTTCT	TTAGGTCC	D1	Female	A	HCB00102
HCB00102R_G11	TGGCTTCT	TCCTCAGT	D1	Female	A	HCB00102
HCB00102R_H11	TGGCTTCT	CGTTAAGC	D1	Female	A	HCB00102
HCB00102R_I11	TGGCTTCT	AGCGAACT	D1	Female	A	HCB00102
HCB00102R_J11	TGGCTTCT	TCGTCCTT	D1	Female	A	HCB00102
HCB00102R_K11	TGGCTTCT	GAGATTCG	D1	Female	A	HCB00102
HCB00102R_L11	TGGCTTCT	GTGACAGT	D1	Female	A	HCB00102
HCB00102R_M11	TGGCTTCT	ACTTCACG	D1	Female	A	HCB00102
HCB00102R_N11	TGGCTTCT	CCTAGACA	D1	Female	A	HCB00102
HCB00102R_O11	TGGCTTCT	GTTACTGG	D1	Female	A	HCB00102
HCB00102R_P11	TGGCTTCT	ATCTCTGG	D1	Female	A	HCB00102
HCB00102R_A12	CGTACAAG	CAGCAGTT	D1	Female	A	HCB00102
HCB00102R_B12	CGTACAAG	AAGTGCTC	D1	Female	A	HCB00102
HCB00102R_C12	CGTACAAG	CATCGCAA	D1	Female	A	HCB00102
HCB00102R_D12	CGTACAAG	TAGCCGAA	D1	Female	A	HCB00102
HCB00102R_E12	CGTACAAG	GCTCTGAA	D1	Female	A	HCB00102
HCB00102R_F12	CGTACAAG	TTAGGTCC	D1	Female	A	HCB00102
HCB00102R_G12	CGTACAAG	TCCTCAGT	D1	Female	A	HCB00102
HCB00102R_H12	CGTACAAG	CGTTAAGC	D1	Female	A	HCB00102
HCB00102R_I12	CGTACAAG	AGCGAACT	D1	Female	A	HCB00102
HCB00102R_J12	CGTACAAG	TCGTCCTT	D1	Female	A	HCB00102
HCB00102R_K12	CGTACAAG	GAGATTCG	D1	Female	A	HCB00102
HCB00102R_L12	CGTACAAG	GTGACAGT	D1	Female	A	HCB00102
HCB00102R_M12	CGTACAAG	ACTTCACG	D1	Female	A	HCB00102
HCB00102R_N12	CGTACAAG	CCTAGACA	D1	Female	A	HCB00102
HCB00102R_O12	CGTACAAG	GTTACTGG	D1	Female	A	HCB00102
HCB00102R_P12	CGTACAAG	ATCTCTGG	D1	Female	A	HCB00102
HCB00102R_A13	CAAGGTTG	CAGCAGTT	D1	Male	A	HCB00102
HCB00102R_B13	CAAGGTTG	AAGTGCTC	D1	Male	A	HCB00102
HCB00102R_C13	CAAGGTTG	CATCGCAA	D1	Male	A	HCB00102
HCB00102R_D13	CAAGGTTG	TAGCCGAA	D1	Male	A	HCB00102
HCB00102R_E13	CAAGGTTG	GCTCTGAA	D1	Male	A	HCB00102
HCB00102R_F13	CAAGGTTG	TTAGGTCC	D1	Male	A	HCB00102
HCB00102R_G13	CAAGGTTG	TCCTCAGT	D1	Male	A	HCB00102
HCB00102R_H13	CAAGGTTG	CGTTAAGC	D1	Male	A	HCB00102
HCB00102R_I13	CAAGGTTG	AGCGAACT	D1	Male	A	HCB00102
HCB00102R_J13	CAAGGTTG	TCGTCCTT	D1	Male	A	HCB00102
HCB00102R_K13	CAAGGTTG	GAGATTCG	D1	Male	A	HCB00102
HCB00102R_L13	CAAGGTTG	GTGACAGT	D1	Male	A	HCB00102
HCB00102R_M13	CAAGGTTG	ACTTCACG	D1	Male	A	HCB00102
HCB00102R_N13	CAAGGTTG	CCTAGACA	D1	Male	A	HCB00102
HCB00102R_O13	CAAGGTTG	GTTACTGG	D1	Male	A	HCB00102
HCB00102R_P13	CAAGGTTG	ATCTCTGG	D1	Male	A	HCB00102
HCB00102R_A14	GCAAGATG	CAGCAGTT	D1	Male	A	HCB00102
HCB00102R_B14	GCAAGATG	AAGTGCTC	D1	Male	A	HCB00102
HCB00102R_C14	GCAAGATG	CATCGCAA	D1	Male	A	HCB00102
HCB00102R_D14	GCAAGATG	TAGCCGAA	D1	Male	A	HCB00102
HCB00102R_E14	GCAAGATG	GCTCTGAA	D1	Male	A	HCB00102
HCB00102R_F14	GCAAGATG	TTAGGTCC	D1	Male	A	HCB00102
HCB00102R_G14	GCAAGATG	TCCTCAGT	D1	Male	A	HCB00102
HCB00102R_H14	GCAAGATG	CGTTAAGC	D1	Male	A	HCB00102
HCB00102R_I14	GCAAGATG	AGCGAACT	D1	Male	A	HCB00102
HCB00102R_J14	GCAAGATG	TCGTCCTT	D1	Male	A	HCB00102
HCB00102R_K14	GCAAGATG	GAGATTCG	D1	Male	A	HCB00102
HCB00102R_L14	GCAAGATG	GTGACAGT	D1	Male	A	HCB00102
HCB00102R_M14	GCAAGATG	ACTTCACG	D1	Male	A	HCB00102
HCB00102R_N14	GCAAGATG	CCTAGACA	D1	Male	A	HCB00102
HCB00102R_O14	GCAAGATG	GTTACTGG	D1	Male	A	HCB00102
HCB00102R_P14	GCAAGATG	ATCTCTGG	D1	Male	A	HCB00102
HCB00102R_A15	GCCATCTA	CAGCAGTT	D1	Male	A	HCB00102
HCB00102R_B15	GCCATCTA	AAGTGCTC	D1	Male	A	HCB00102
HCB00102R_C15	GCCATCTA	CATCGCAA	D1	Male	A	HCB00102
HCB00102R_D15	GCCATCTA	TAGCCGAA	D1	Male	A	HCB00102
HCB00102R_E15	GCCATCTA	GCTCTGAA	D1	Male	A	HCB00102
HCB00102R_F15	GCCATCTA	TTAGGTCC	D1	Male	A	HCB00102
HCB00102R_G15	GCCATCTA	TCCTCAGT	D1	Male	A	HCB00102
HCB00102R_H15	GCCATCTA	CGTTAAGC	D1	Male	A	HCB00102
HCB00102R_I15	GCCATCTA	AGCGAACT	D1	Male	A	HCB00102
HCB00102R_J15	GCCATCTA	TCGTCCTT	D1	Male	A	HCB00102
HCB00102R_K15	GCCATCTA	GAGATTCG	D1	Male	A	HCB00102
HCB00102R_L15	GCCATCTA	GTGACAGT	D1	Male	A	HCB00102
HCB00102R_M15	GCCATCTA	ACTTCACG	D1	Male	A	HCB00102
HCB00102R_N15	GCCATCTA	CCTAGACA	D1	Male	A	HCB00102
HCB00102R_O15	GCCATCTA	GTTACTGG	D1	Male	A	HCB00102
HCB00102R_P15	GCCATCTA	ATCTCTGG	D1	Male	A	HCB00102
HCB00102R_A16	ATCTGGAC	CAGCAGTT	D1	Male	A	HCB00102
HCB00102R_B16	ATCTGGAC	AAGTGCTC	D1	Male	A	HCB00102
HCB00102R_C16	ATCTGGAC	CATCGCAA	D1	Male	A	HCB00102
HCB00102R_D16	ATCTGGAC	TAGCCGAA	D1	Male	A	HCB00102
HCB00102R_E16	ATCTGGAC	GCTCTGAA	D1	Male	A	HCB00102
HCB00102R_F16	ATCTGGAC	TTAGGTCC	D1	Male	A	HCB00102
HCB00102R_G16	ATCTGGAC	TCCTCAGT	D1	Male	A	HCB00102
HCB00102R_H16	ATCTGGAC	CGTTAAGC	D1	Male	A	HCB00102
HCB00102R_I16	ATCTGGAC	AGCGAACT	D1	Male	A	HCB00102
HCB00102R_J16	ATCTGGAC	TCGTCCTT	D1	Male	A	HCB00102
HCB00102R_K16	ATCTGGAC	GAGATTCG	D1	Male	A	HCB00102
HCB00102R_L16	ATCTGGAC	GTGACAGT	D1	Male	A	HCB00102
HCB00102R_M16	ATCTGGAC	ACTTCACG	D1	Male	A	HCB00102
HCB00102R_N16	ATCTGGAC	CCTAGACA	D1	Male	A	HCB00102
HCB00102R_O16	ATCTGGAC	GTTACTGG	D1	Male	A	HCB00102
HCB00102R_P16	ATCTGGAC	ATCTCTGG	D1	Male	A	HCB00102
HCB00102R_A17	ATCACCGA	CAGCAGTT	D1	Male	A	HCB00102
HCB00102R_B17	ATCACCGA	AAGTGCTC	D1	Male	A	HCB00102
HCB00102R_C17	ATCACCGA	CATCGCAA	D1	Male	A	HCB00102
HCB00102R_D17	ATCACCGA	TAGCCGAA	D1	Male	A	HCB00102
HCB00102R_E17	ATCACCGA	GCTCTGAA	D1	Male	A	HCB00102
HCB00102R_F17	ATCACCGA	TTAGGTCC	D1	Male	A	HCB00102
HCB00102R_G17	ATCACCGA	TCCTCAGT	D1	Male	A	HCB00102
HCB00102R_H17	ATCACCGA	CGTTAAGC	D1	Male	A	HCB00102
HCB00102R_I17	ATCACCGA	AGCGAACT	D1	Male	A	HCB00102
HCB00102R_J17	ATCACCGA	TCGTCCTT	D1	Male	A	HCB00102
HCB00102R_K17	ATCACCGA	GAGATTCG	D1	Male	A	HCB00102
HCB00102R_L17	ATCACCGA	GTGACAGT	D1	Male	A	HCB00102
HCB00102R_M17	ATCACCGA	ACTTCACG	D1	Male	A	HCB00102
HCB00102R_N17	ATCACCGA	CCTAGACA	D1	Male	A	HCB00102
HCB00102R_O17	ATCACCGA	GTTACTGG	D1	Male	A	HCB00102
HCB00102R_P17	ATCACCGA	ATCTCTGG	D1	Male	A	HCB00102
HCB00102R_A18	GTTCATCC	CAGCAGTT	D1	Male	A	HCB00102
HCB00102R_B18	GTTCATCC	AAGTGCTC	D1	Male	A	HCB00102
HCB00102R_C18	GTTCATCC	CATCGCAA	D1	Male	A	HCB00102
HCB00102R_D18	GTTCATCC	TAGCCGAA	D1	Male	A	HCB00102
HCB00102R_E18	GTTCATCC	GCTCTGAA	D1	Male	A	HCB00102
HCB00102R_F18	GTTCATCC	TTAGGTCC	D1	Male	A	HCB00102
HCB00102R_G18	GTTCATCC	TCCTCAGT	D1	Male	A	HCB00102
HCB00102R_H18	GTTCATCC	CGTTAAGC	D1	Male	A	HCB00102
HCB00102R_I18	GTTCATCC	AGCGAACT	D1	Male	A	HCB00102
HCB00102R_J18	GTTCATCC	TCGTCCTT	D1	Male	A	HCB00102
HCB00102R_K18	GTTCATCC	GAGATTCG	D1	Male	A	HCB00102
HCB00102R_L18	GTTCATCC	GTGACAGT	D1	Male	A	HCB00102
HCB00102R_M18	GTTCATCC	ACTTCACG	D1	Male	A	HCB00102
HCB00102R_N18	GTTCATCC	CCTAGACA	D1	Male	A	HCB00102
HCB00102R_O18	GTTCATCC	GTTACTGG	D1	Male	A	HCB00102
HCB00102R_P18	GTTCATCC	ATCTCTGG	D1	Male	A	HCB00102
HCB00102R_A19	TTGGACTC	CAGCAGTT	D1	Male	A	HCB00102
HCB00102R_B19	TTGGACTC	AAGTGCTC	D1	Male	A	HCB00102
HCB00102R_C19	TTGGACTC	CATCGCAA	D1	Male	A	HCB00102
HCB00102R_D19	TTGGACTC	TAGCCGAA	D1	Male	A	HCB00102
HCB00102R_E19	TTGGACTC	GCTCTGAA	D1	Male	A	HCB00102
HCB00102R_F19	TTGGACTC	TTAGGTCC	D1	Male	A	HCB00102
HCB00102R_G19	TTGGACTC	TCCTCAGT	D1	Male	A	HCB00102
HCB00102R_H19	TTGGACTC	CGTTAAGC	D1	Male	A	HCB00102
HCB00102R_I19	TTGGACTC	AGCGAACT	D1	Male	A	HCB00102
HCB00102R_J19	TTGGACTC	TCGTCCTT	D1	Male	A	HCB00102
HCB00102R_K19	TTGGACTC	GAGATTCG	D1	Male	A	HCB00102
HCB00102R_L19	TTGGACTC	GTGACAGT	D1	Male	A	HCB00102
HCB00102R_M19	TTGGACTC	ACTTCACG	D1	Male	A	HCB00102
HCB00102R_N19	TTGGACTC	CCTAGACA	D1	Male	A	HCB00102
HCB00102R_O19	TTGGACTC	GTTACTGG	D1	Male	A	HCB00102
HCB00102R_P19	TTGGACTC	ATCTCTGG	D1	Male	A	HCB00102
HCB00102R_A20	GATGCGTT	CAGCAGTT	D1	Male	A	HCB00102
HCB00102R_B20	GATGCGTT	AAGTGCTC	D1	Male	A	HCB00102
HCB00102R_C20	GATGCGTT	CATCGCAA	D1	Male	A	HCB00102
HCB00102R_D20	GATGCGTT	TAGCCGAA	D1	Male	A	HCB00102
HCB00102R_E20	GATGCGTT	GCTCTGAA	D1	Male	A	HCB00102
HCB00102R_F20	GATGCGTT	TTAGGTCC	D1	Male	A	HCB00102
HCB00102R_G20	GATGCGTT	TCCTCAGT	D1	Male	A	HCB00102
HCB00102R_H20	GATGCGTT	CGTTAAGC	D1	Male	A	HCB00102
HCB00102R_I20	GATGCGTT	AGCGAACT	D1	Male	A	HCB00102
HCB00102R_J20	GATGCGTT	TCGTCCTT	D1	Male	A	HCB00102
HCB00102R_K20	GATGCGTT	GAGATTCG	D1	Male	A	HCB00102
HCB00102R_L20	GATGCGTT	GTGACAGT	D1	Male	A	HCB00102
HCB00102R_M20	GATGCGTT	ACTTCACG	D1	Male	A	HCB00102
HCB00102R_N20	GATGCGTT	CCTAGACA	D1	Male	A	HCB00102
HCB00102R_O20	GATGCGTT	GTTACTGG	D1	Male	A	HCB00102
HCB00102R_P20	GATGCGTT	ATCTCTGG	D1	Male	A	HCB00102
HCB00102R_A21	TGTCACCT	CAGCAGTT	D1	Male	A	HCB00102
HCB00102R_B21	TGTCACCT	AAGTGCTC	D1	Male	A	HCB00102
HCB00102R_C21	TGTCACCT	CATCGCAA	D1	Male	A	HCB00102
HCB00102R_D21	TGTCACCT	TAGCCGAA	D1	Male	A	HCB00102
HCB00102R_E21	TGTCACCT	GCTCTGAA	D1	Male	A	HCB00102
HCB00102R_F21	TGTCACCT	TTAGGTCC	D1	Male	A	HCB00102
HCB00102R_G21	TGTCACCT	TCCTCAGT	D1	Male	A	HCB00102
HCB00102R_H21	TGTCACCT	CGTTAAGC	D1	Male	A	HCB00102
HCB00102R_I21	TGTCACCT	AGCGAACT	D1	Male	A	HCB00102
HCB00102R_J21	TGTCACCT	TCGTCCTT	D1	Male	A	HCB00102
HCB00102R_K21	TGTCACCT	GAGATTCG	D1	Male	A	HCB00102
HCB00102R_L21	TGTCACCT	GTGACAGT	D1	Male	A	HCB00102
HCB00102R_M21	TGTCACCT	ACTTCACG	D1	Male	A	HCB00102
HCB00102R_N21	TGTCACCT	CCTAGACA	D1	Male	A	HCB00102
HCB00102R_O21	TGTCACCT	GTTACTGG	D1	Male	A	HCB00102
HCB00102R_P21	TGTCACCT	ATCTCTGG	D1	Male	A	HCB00102
HCB00102R_A22	CGAATACC	CAGCAGTT	D1	Male	A	HCB00102
HCB00102R_B22	CGAATACC	AAGTGCTC	D1	Male	A	HCB00102
HCB00102R_C22	CGAATACC	CATCGCAA	D1	Male	A	HCB00102
HCB00102R_D22	CGAATACC	TAGCCGAA	D1	Male	A	HCB00102
HCB00102R_E22	CGAATACC	GCTCTGAA	D1	Male	A	HCB00102
HCB00102R_F22	CGAATACC	TTAGGTCC	D1	Male	A	HCB00102
HCB00102R_G22	CGAATACC	TCCTCAGT	D1	Male	A	HCB00102
HCB00102R_H22	CGAATACC	CGTTAAGC	D1	Male	A	HCB00102
HCB00102R_I22	CGAATACC	AGCGAACT	D1	Male	A	HCB00102
HCB00102R_J22	CGAATACC	TCGTCCTT	D1	Male	A	HCB00102
HCB00102R_K22	CGAATACC	GAGATTCG	D1	Male	A	HCB00102
HCB00102R_L22	CGAATACC	GTGACAGT	D1	Male	A	HCB00102
HCB00102R_M22	CGAATACC	ACTTCACG	D1	Male	A	HCB00102
HCB00102R_N22	CGAATACC	CCTAGACA	D1	Male	A	HCB00102
HCB00102R_O22	CGAATACC	GTTACTGG	D1	Male	A	HCB00102
HCB00102R_P22	CGAATACC	ATCTCTGG	D1	Male	A	HCB00102
HCB00102R_A23	ACAAGCGA	CAGCAGTT	D1	Male	A	HCB00102
HCB00102R_B23	ACAAGCGA	AAGTGCTC	D1	Male	A	HCB00102
HCB00102R_C23	ACAAGCGA	CATCGCAA	D1	Male	A	HCB00102
HCB00102R_D23	ACAAGCGA	TAGCCGAA	D1	Male	A	HCB00102
HCB00102R_E23	ACAAGCGA	GCTCTGAA	D1	Male	A	HCB00102
HCB00102R_F23	ACAAGCGA	TTAGGTCC	D1	Male	A	HCB00102
HCB00102R_G23	ACAAGCGA	TCCTCAGT	D1	Male	A	HCB00102
HCB00102R_H23	ACAAGCGA	CGTTAAGC	D1	Male	A	HCB00102
HCB00102R_I23	ACAAGCGA	AGCGAACT	D1	Male	A	HCB00102
HCB00102R_J23	ACAAGCGA	TCGTCCTT	D1	Male	A	HCB00102
HCB00102R_K23	ACAAGCGA	GAGATTCG	D1	Male	A	HCB00102
HCB00102R_L23	ACAAGCGA	GTGACAGT	D1	Male	A	HCB00102
HCB00102R_M23	ACAAGCGA	ACTTCACG	D1	Male	A	HCB00102
HCB00102R_N23	ACAAGCGA	CCTAGACA	D1	Male	A	HCB00102
HCB00102R_O23	ACAAGCGA	GTTACTGG	D1	Male	A	HCB00102
HCB00102R_P23	ACAAGCGA	ATCTCTGG	D1	Male	A	HCB00102
HCB00102R_A24	TAACCGGT	CAGCAGTT	D1	Male	A	HCB00102
HCB00102R_B24	TAACCGGT	AAGTGCTC	D1	Male	A	HCB00102
HCB00102R_C24	TAACCGGT	CATCGCAA	D1	Male	A	HCB00102
HCB00102R_D24	TAACCGGT	TAGCCGAA	D1	Male	A	HCB00102
HCB00102R_E24	TAACCGGT	GCTCTGAA	D1	Male	A	HCB00102
HCB00102R_F24	TAACCGGT	TTAGGTCC	D1	Male	A	HCB00102
HCB00102R_G24	TAACCGGT	TCCTCAGT	D1	Male	A	HCB00102
HCB00102R_H24	TAACCGGT	CGTTAAGC	D1	Male	A	HCB00102
HCB00102R_I24	TAACCGGT	AGCGAACT	D1	Male	A	HCB00102
HCB00102R_J24	TAACCGGT	TCGTCCTT	D1	Male	A	HCB00102
HCB00102R_K24	TAACCGGT	GAGATTCG	D1	Male	A	HCB00102
HCB00102R_L24	TAACCGGT	GTGACAGT	D1	Male	A	HCB00102
HCB00102R_M24	TAACCGGT	ACTTCACG	D1	Male	A	HCB00102
HCB00102R_N24	TAACCGGT	CCTAGACA	D1	Male	A	HCB00102
HCB00102R_O24	TAACCGGT	GTTACTGG	D1	Male	A	HCB00102
HCB00102R_P24	TAACCGGT	ATCTCTGG	D1	Male	A	HCB00102
HCB00201R_A01	AACACTCG	AAGCTAGG	D2	Male	A	HCB00201
HCB00201R_B01	AACACTCG	TCACAGCT	D2	Male	A	HCB00201
HCB00201R_C01	AACACTCG	CCTGATGT	D2	Male	A	HCB00201
HCB00201R_D01	AACACTCG	TAATGCGG	D2	Male	A	HCB00201
HCB00201R_E01	AACACTCG	TTCTCCTC	D2	Male	A	HCB00201
HCB00201R_F01	AACACTCG	AGAGACTG	D2	Male	A	HCB00201
HCB00201R_G01	AACACTCG	TGAAGCGT	D2	Male	A	HCB00201
HCB00201R_H01	AACACTCG	ACCGTTAC	D2	Male	A	HCB00201
HCB00201R_I01	AACACTCG	CTGATTCC	D2	Male	A	HCB00201
HCB00201R_J01	AACACTCG	AGCGGTAA	D2	Male	A	HCB00201
HCB00201R_K01	AACACTCG	GAGTGGAA	D2	Male	A	HCB00201
HCB00201R_L01	AACACTCG	CGAACGTT	D2	Male	A	HCB00201
HCB00201R_M01	AACACTCG	GAGCTGTA	D2	Male	A	HCB00201
HCB00201R_N01	AACACTCG	AGAGTTGC	D2	Male	A	HCB00201
HCB00201R_O01	AACACTCG	CGGAGAGA	D2	Male	A	HCB00201
HCB00201R_P01	AACACTCG	TCGCATAA	D2	Male	A	HCB00201
HCB00201R_A02	TGGAACAG	AAGCTAGG	D2	Male	A	HCB00201
HCB00201R_B02	TGGAACAG	TCACAGCT	D2	Male	A	HCB00201
HCB00201R_C02	TGGAACAG	CCTGATGT	D2	Male	A	HCB00201
HCB00201R_D02	TGGAACAG	TAATGCGG	D2	Male	A	HCB00201
HCB00201R_E02	TGGAACAG	TTCTCCTC	D2	Male	A	HCB00201
HCB00201R_F02	TGGAACAG	AGAGACTG	D2	Male	A	HCB00201
HCB00201R_G02	TGGAACAG	TGAAGCGT	D2	Male	A	HCB00201
HCB00201R_H02	TGGAACAG	ACCGTTAC	D2	Male	A	HCB00201
HCB00201R_I02	TGGAACAG	CTGATTCC	D2	Male	A	HCB00201
HCB00201R_J02	TGGAACAG	AGCGGTAA	D2	Male	A	HCB00201
HCB00201R_K02	TGGAACAG	GAGTGGAA	D2	Male	A	HCB00201
HCB00201R_L02	TGGAACAG	CGAACGTT	D2	Male	A	HCB00201
HCB00201R_M02	TGGAACAG	GAGCTGTA	D2	Male	A	HCB00201
HCB00201R_N02	TGGAACAG	AGAGTTGC	D2	Male	A	HCB00201
HCB00201R_O02	TGGAACAG	CGGAGAGA	D2	Male	A	HCB00201
HCB00201R_P02	TGGAACAG	TCGCATAA	D2	Male	A	HCB00201
HCB00201R_A03	AGAAGTGG	AAGCTAGG	D2	Male	A	HCB00201
HCB00201R_B03	AGAAGTGG	TCACAGCT	D2	Male	A	HCB00201
HCB00201R_C03	AGAAGTGG	CCTGATGT	D2	Male	A	HCB00201
HCB00201R_D03	AGAAGTGG	TAATGCGG	D2	Male	A	HCB00201
HCB00201R_E03	AGAAGTGG	TTCTCCTC	D2	Male	A	HCB00201
HCB00201R_F03	AGAAGTGG	AGAGACTG	D2	Male	A	HCB00201
HCB00201R_G03	AGAAGTGG	TGAAGCGT	D2	Male	A	HCB00201
HCB00201R_H03	AGAAGTGG	ACCGTTAC	D2	Male	A	HCB00201
HCB00201R_I03	AGAAGTGG	CTGATTCC	D2	Male	A	HCB00201
HCB00201R_J03	AGAAGTGG	AGCGGTAA	D2	Male	A	HCB00201
HCB00201R_K03	AGAAGTGG	GAGTGGAA	D2	Male	A	HCB00201
HCB00201R_L03	AGAAGTGG	CGAACGTT	D2	Male	A	HCB00201
HCB00201R_M03	AGAAGTGG	GAGCTGTA	D2	Male	A	HCB00201
HCB00201R_N03	AGAAGTGG	AGAGTTGC	D2	Male	A	HCB00201
HCB00201R_O03	AGAAGTGG	CGGAGAGA	D2	Male	A	HCB00201
HCB00201R_P03	AGAAGTGG	TCGCATAA	D2	Male	A	HCB00201
HCB00201R_A04	TGGTGTTG	AAGCTAGG	D2	Male	A	HCB00201
HCB00201R_B04	TGGTGTTG	TCACAGCT	D2	Male	A	HCB00201
HCB00201R_C04	TGGTGTTG	CCTGATGT	D2	Male	A	HCB00201
HCB00201R_D04	TGGTGTTG	TAATGCGG	D2	Male	A	HCB00201
HCB00201R_E04	TGGTGTTG	TTCTCCTC	D2	Male	A	HCB00201
HCB00201R_F04	TGGTGTTG	AGAGACTG	D2	Male	A	HCB00201
HCB00201R_G04	TGGTGTTG	TGAAGCGT	D2	Male	A	HCB00201
HCB00201R_H04	TGGTGTTG	ACCGTTAC	D2	Male	A	HCB00201
HCB00201R_I04	TGGTGTTG	CTGATTCC	D2	Male	A	HCB00201
HCB00201R_J04	TGGTGTTG	AGCGGTAA	D2	Male	A	HCB00201
HCB00201R_K04	TGGTGTTG	GAGTGGAA	D2	Male	A	HCB00201
HCB00201R_L04	TGGTGTTG	CGAACGTT	D2	Male	A	HCB00201
HCB00201R_M04	TGGTGTTG	GAGCTGTA	D2	Male	A	HCB00201
HCB00201R_N04	TGGTGTTG	AGAGTTGC	D2	Male	A	HCB00201
HCB00201R_O04	TGGTGTTG	CGGAGAGA	D2	Male	A	HCB00201
HCB00201R_P04	TGGTGTTG	TCGCATAA	D2	Male	A	HCB00201
HCB00201R_A05	AGGCGTAT	AAGCTAGG	D2	Male	A	HCB00201
HCB00201R_B05	AGGCGTAT	TCACAGCT	D2	Male	A	HCB00201
HCB00201R_C05	AGGCGTAT	CCTGATGT	D2	Male	A	HCB00201
HCB00201R_D05	AGGCGTAT	TAATGCGG	D2	Male	A	HCB00201
HCB00201R_E05	AGGCGTAT	TTCTCCTC	D2	Male	A	HCB00201
HCB00201R_F05	AGGCGTAT	AGAGACTG	D2	Male	A	HCB00201
HCB00201R_G05	AGGCGTAT	TGAAGCGT	D2	Male	A	HCB00201
HCB00201R_H05	AGGCGTAT	ACCGTTAC	D2	Male	A	HCB00201
HCB00201R_I05	AGGCGTAT	CTGATTCC	D2	Male	A	HCB00201
HCB00201R_J05	AGGCGTAT	AGCGGTAA	D2	Male	A	HCB00201
HCB00201R_K05	AGGCGTAT	GAGTGGAA	D2	Male	A	HCB00201
HCB00201R_L05	AGGCGTAT	CGAACGTT	D2	Male	A	HCB00201
HCB00201R_M05	AGGCGTAT	GAGCTGTA	D2	Male	A	HCB00201
HCB00201R_N05	AGGCGTAT	AGAGTTGC	D2	Male	A	HCB00201
HCB00201R_O05	AGGCGTAT	CGGAGAGA	D2	Male	A	HCB00201
HCB00201R_P05	AGGCGTAT	TCGCATAA	D2	Male	A	HCB00201
HCB00201R_A06	GGTTCAAC	AAGCTAGG	D2	Male	A	HCB00201
HCB00201R_B06	GGTTCAAC	TCACAGCT	D2	Male	A	HCB00201
HCB00201R_C06	GGTTCAAC	CCTGATGT	D2	Male	A	HCB00201
HCB00201R_D06	GGTTCAAC	TAATGCGG	D2	Male	A	HCB00201
HCB00201R_E06	GGTTCAAC	TTCTCCTC	D2	Male	A	HCB00201
HCB00201R_F06	GGTTCAAC	AGAGACTG	D2	Male	A	HCB00201
HCB00201R_G06	GGTTCAAC	TGAAGCGT	D2	Male	A	HCB00201
HCB00201R_H06	GGTTCAAC	ACCGTTAC	D2	Male	A	HCB00201
HCB00201R_I06	GGTTCAAC	CTGATTCC	D2	Male	A	HCB00201
HCB00201R_J06	GGTTCAAC	AGCGGTAA	D2	Male	A	HCB00201
HCB00201R_K06	GGTTCAAC	GAGTGGAA	D2	Male	A	HCB00201
HCB00201R_L06	GGTTCAAC	CGAACGTT	D2	Male	A	HCB00201
HCB00201R_M06	GGTTCAAC	GAGCTGTA	D2	Male	A	HCB00201
HCB00201R_N06	GGTTCAAC	AGAGTTGC	D2	Male	A	HCB00201
HCB00201R_O06	GGTTCAAC	CGGAGAGA	D2	Male	A	HCB00201
HCB00201R_P06	GGTTCAAC	TCGCATAA	D2	Male	A	HCB00201
HCB00201R_A07	CCAGAGAA	AAGCTAGG	D2	Male	A	HCB00201
HCB00201R_B07	CCAGAGAA	TCACAGCT	D2	Male	A	HCB00201
HCB00201R_C07	CCAGAGAA	CCTGATGT	D2	Male	A	HCB00201
HCB00201R_D07	CCAGAGAA	TAATGCGG	D2	Male	A	HCB00201
HCB00201R_E07	CCAGAGAA	TTCTCCTC	D2	Male	A	HCB00201
HCB00201R_F07	CCAGAGAA	AGAGACTG	D2	Male	A	HCB00201
HCB00201R_G07	CCAGAGAA	TGAAGCGT	D2	Male	A	HCB00201
HCB00201R_H07	CCAGAGAA	ACCGTTAC	D2	Male	A	HCB00201
HCB00201R_I07	CCAGAGAA	CTGATTCC	D2	Male	A	HCB00201
HCB00201R_J07	CCAGAGAA	AGCGGTAA	D2	Male	A	HCB00201
HCB00201R_K07	CCAGAGAA	GAGTGGAA	D2	Male	A	HCB00201
HCB00201R_L07	CCAGAGAA	CGAACGTT	D2	Male	A	HCB00201
HCB00201R_M07	CCAGAGAA	GAGCTGTA	D2	Male	A	HCB00201
HCB00201R_N07	CCAGAGAA	AGAGTTGC	D2	Male	A	HCB00201
HCB00201R_O07	CCAGAGAA	CGGAGAGA	D2	Male	A	HCB00201
HCB00201R_P07	CCAGAGAA	TCGCATAA	D2	Male	A	HCB00201
HCB00201R_A08	ATTGCAGC	AAGCTAGG	D2	Male	A	HCB00201
HCB00201R_B08	ATTGCAGC	TCACAGCT	D2	Male	A	HCB00201
HCB00201R_C08	ATTGCAGC	CCTGATGT	D2	Male	A	HCB00201
HCB00201R_D08	ATTGCAGC	TAATGCGG	D2	Male	A	HCB00201
HCB00201R_E08	ATTGCAGC	TTCTCCTC	D2	Male	A	HCB00201
HCB00201R_F08	ATTGCAGC	AGAGACTG	D2	Male	A	HCB00201
HCB00201R_G08	ATTGCAGC	TGAAGCGT	D2	Male	A	HCB00201
HCB00201R_H08	ATTGCAGC	ACCGTTAC	D2	Male	A	HCB00201
HCB00201R_I08	ATTGCAGC	CTGATTCC	D2	Male	A	HCB00201
HCB00201R_J08	ATTGCAGC	AGCGGTAA	D2	Male	A	HCB00201
HCB00201R_K08	ATTGCAGC	GAGTGGAA	D2	Male	A	HCB00201
HCB00201R_L08	ATTGCAGC	CGAACGTT	D2	Male	A	HCB00201
HCB00201R_M08	ATTGCAGC	GAGCTGTA	D2	Male	A	HCB00201
HCB00201R_N08	ATTGCAGC	AGAGTTGC	D2	Male	A	HCB00201
HCB00201R_O08	ATTGCAGC	CGGAGAGA	D2	Male	A	HCB00201
HCB00201R_P08	ATTGCAGC	TCGCATAA	D2	Male	A	HCB00201
HCB00201R_A09	CAGTTCCT	AAGCTAGG	D2	Male	A	HCB00201
HCB00201R_B09	CAGTTCCT	TCACAGCT	D2	Male	A	HCB00201
HCB00201R_C09	CAGTTCCT	CCTGATGT	D2	Male	A	HCB00201
HCB00201R_D09	CAGTTCCT	TAATGCGG	D2	Male	A	HCB00201
HCB00201R_E09	CAGTTCCT	TTCTCCTC	D2	Male	A	HCB00201
HCB00201R_F09	CAGTTCCT	AGAGACTG	D2	Male	A	HCB00201
HCB00201R_G09	CAGTTCCT	TGAAGCGT	D2	Male	A	HCB00201
HCB00201R_H09	CAGTTCCT	ACCGTTAC	D2	Male	A	HCB00201
HCB00201R_I09	CAGTTCCT	CTGATTCC	D2	Male	A	HCB00201
HCB00201R_J09	CAGTTCCT	AGCGGTAA	D2	Male	A	HCB00201
HCB00201R_K09	CAGTTCCT	GAGTGGAA	D2	Male	A	HCB00201
HCB00201R_L09	CAGTTCCT	CGAACGTT	D2	Male	A	HCB00201
HCB00201R_M09	CAGTTCCT	GAGCTGTA	D2	Male	A	HCB00201
HCB00201R_N09	CAGTTCCT	AGAGTTGC	D2	Male	A	HCB00201
HCB00201R_O09	CAGTTCCT	CGGAGAGA	D2	Male	A	HCB00201
HCB00201R_P09	CAGTTCCT	TCGCATAA	D2	Male	A	HCB00201
HCB00201R_A10	TTCCTAGG	AAGCTAGG	D2	Male	A	HCB00201
HCB00201R_B10	TTCCTAGG	TCACAGCT	D2	Male	A	HCB00201
HCB00201R_C10	TTCCTAGG	CCTGATGT	D2	Male	A	HCB00201
HCB00201R_D10	TTCCTAGG	TAATGCGG	D2	Male	A	HCB00201
HCB00201R_E10	TTCCTAGG	TTCTCCTC	D2	Male	A	HCB00201
HCB00201R_F10	TTCCTAGG	AGAGACTG	D2	Male	A	HCB00201
HCB00201R_G10	TTCCTAGG	TGAAGCGT	D2	Male	A	HCB00201
HCB00201R_H10	TTCCTAGG	ACCGTTAC	D2	Male	A	HCB00201
HCB00201R_I10	TTCCTAGG	CTGATTCC	D2	Male	A	HCB00201
HCB00201R_J10	TTCCTAGG	AGCGGTAA	D2	Male	A	HCB00201
HCB00201R_K10	TTCCTAGG	GAGTGGAA	D2	Male	A	HCB00201
HCB00201R_L10	TTCCTAGG	CGAACGTT	D2	Male	A	HCB00201
HCB00201R_M10	TTCCTAGG	GAGCTGTA	D2	Male	A	HCB00201
HCB00201R_N10	TTCCTAGG	AGAGTTGC	D2	Male	A	HCB00201
HCB00201R_O10	TTCCTAGG	CGGAGAGA	D2	Male	A	HCB00201
HCB00201R_P10	TTCCTAGG	TCGCATAA	D2	Male	A	HCB00201
HCB00201R_A11	AGTGTGGT	AAGCTAGG	D2	Male	A	HCB00201
HCB00201R_B11	AGTGTGGT	TCACAGCT	D2	Male	A	HCB00201
HCB00201R_C11	AGTGTGGT	CCTGATGT	D2	Male	A	HCB00201
HCB00201R_D11	AGTGTGGT	TAATGCGG	D2	Male	A	HCB00201
HCB00201R_E11	AGTGTGGT	TTCTCCTC	D2	Male	A	HCB00201
HCB00201R_F11	AGTGTGGT	AGAGACTG	D2	Male	A	HCB00201
HCB00201R_G11	AGTGTGGT	TGAAGCGT	D2	Male	A	HCB00201
HCB00201R_H11	AGTGTGGT	ACCGTTAC	D2	Male	A	HCB00201
HCB00201R_I11	AGTGTGGT	CTGATTCC	D2	Male	A	HCB00201
HCB00201R_J11	AGTGTGGT	AGCGGTAA	D2	Male	A	HCB00201
HCB00201R_K11	AGTGTGGT	GAGTGGAA	D2	Male	A	HCB00201
HCB00201R_L11	AGTGTGGT	CGAACGTT	D2	Male	A	HCB00201
HCB00201R_M11	AGTGTGGT	GAGCTGTA	D2	Male	A	HCB00201
HCB00201R_N11	AGTGTGGT	AGAGTTGC	D2	Male	A	HCB00201
HCB00201R_O11	AGTGTGGT	CGGAGAGA	D2	Male	A	HCB00201
HCB00201R_P11	AGTGTGGT	TCGCATAA	D2	Male	A	HCB00201
HCB00201R_A12	GTAGCATC	AAGCTAGG	D2	Male	A	HCB00201
HCB00201R_B12	GTAGCATC	TCACAGCT	D2	Male	A	HCB00201
HCB00201R_C12	GTAGCATC	CCTGATGT	D2	Male	A	HCB00201
HCB00201R_D12	GTAGCATC	TAATGCGG	D2	Male	A	HCB00201
HCB00201R_E12	GTAGCATC	TTCTCCTC	D2	Male	A	HCB00201
HCB00201R_F12	GTAGCATC	AGAGACTG	D2	Male	A	HCB00201
HCB00201R_G12	GTAGCATC	TGAAGCGT	D2	Male	A	HCB00201
HCB00201R_H12	GTAGCATC	ACCGTTAC	D2	Male	A	HCB00201
HCB00201R_I12	GTAGCATC	CTGATTCC	D2	Male	A	HCB00201
HCB00201R_J12	GTAGCATC	AGCGGTAA	D2	Male	A	HCB00201
HCB00201R_K12	GTAGCATC	GAGTGGAA	D2	Male	A	HCB00201
HCB00201R_L12	GTAGCATC	CGAACGTT	D2	Male	A	HCB00201
HCB00201R_M12	GTAGCATC	GAGCTGTA	D2	Male	A	HCB00201
HCB00201R_N12	GTAGCATC	AGAGTTGC	D2	Male	A	HCB00201
HCB00201R_O12	GTAGCATC	CGGAGAGA	D2	Male	A	HCB00201
HCB00201R_P12	GTAGCATC	TCGCATAA	D2	Male	A	HCB00201
HCB00201R_A13	GAGACCTT	AAGCTAGG	D2	Female	A	HCB00201
HCB00201R_B13	GAGACCTT	TCACAGCT	D2	Female	A	HCB00201
HCB00201R_C13	GAGACCTT	CCTGATGT	D2	Female	A	HCB00201
HCB00201R_D13	GAGACCTT	TAATGCGG	D2	Female	A	HCB00201
HCB00201R_E13	GAGACCTT	TTCTCCTC	D2	Female	A	HCB00201
HCB00201R_F13	GAGACCTT	AGAGACTG	D2	Female	A	HCB00201
HCB00201R_G13	GAGACCTT	TGAAGCGT	D2	Female	A	HCB00201
HCB00201R_H13	GAGACCTT	ACCGTTAC	D2	Female	A	HCB00201
HCB00201R_I13	GAGACCTT	CTGATTCC	D2	Female	A	HCB00201
HCB00201R_J13	GAGACCTT	AGCGGTAA	D2	Female	A	HCB00201
HCB00201R_K13	GAGACCTT	GAGTGGAA	D2	Female	A	HCB00201
HCB00201R_L13	GAGACCTT	CGAACGTT	D2	Female	A	HCB00201
HCB00201R_M13	GAGACCTT	GAGCTGTA	D2	Female	A	HCB00201
HCB00201R_N13	GAGACCTT	AGAGTTGC	D2	Female	A	HCB00201
HCB00201R_O13	GAGACCTT	CGGAGAGA	D2	Female	A	HCB00201
HCB00201R_P13	GAGACCTT	TCGCATAA	D2	Female	A	HCB00201
HCB00201R_A14	ACTCAGCA	AAGCTAGG	D2	Female	A	HCB00201
HCB00201R_B14	ACTCAGCA	TCACAGCT	D2	Female	A	HCB00201
HCB00201R_C14	ACTCAGCA	CCTGATGT	D2	Female	A	HCB00201
HCB00201R_D14	ACTCAGCA	TAATGCGG	D2	Female	A	HCB00201
HCB00201R_E14	ACTCAGCA	TTCTCCTC	D2	Female	A	HCB00201
HCB00201R_F14	ACTCAGCA	AGAGACTG	D2	Female	A	HCB00201
HCB00201R_G14	ACTCAGCA	TGAAGCGT	D2	Female	A	HCB00201
HCB00201R_H14	ACTCAGCA	ACCGTTAC	D2	Female	A	HCB00201
HCB00201R_I14	ACTCAGCA	CTGATTCC	D2	Female	A	HCB00201
HCB00201R_J14	ACTCAGCA	AGCGGTAA	D2	Female	A	HCB00201
HCB00201R_K14	ACTCAGCA	GAGTGGAA	D2	Female	A	HCB00201
HCB00201R_L14	ACTCAGCA	CGAACGTT	D2	Female	A	HCB00201
HCB00201R_M14	ACTCAGCA	GAGCTGTA	D2	Female	A	HCB00201
HCB00201R_N14	ACTCAGCA	AGAGTTGC	D2	Female	A	HCB00201
HCB00201R_O14	ACTCAGCA	CGGAGAGA	D2	Female	A	HCB00201
HCB00201R_P14	ACTCAGCA	TCGCATAA	D2	Female	A	HCB00201
HCB00201R_A15	GTCTAGGT	AAGCTAGG	D2	Female	A	HCB00201
HCB00201R_B15	GTCTAGGT	TCACAGCT	D2	Female	A	HCB00201
HCB00201R_C15	GTCTAGGT	CCTGATGT	D2	Female	A	HCB00201
HCB00201R_D15	GTCTAGGT	TAATGCGG	D2	Female	A	HCB00201
HCB00201R_E15	GTCTAGGT	TTCTCCTC	D2	Female	A	HCB00201
HCB00201R_F15	GTCTAGGT	AGAGACTG	D2	Female	A	HCB00201
HCB00201R_G15	GTCTAGGT	TGAAGCGT	D2	Female	A	HCB00201
HCB00201R_H15	GTCTAGGT	ACCGTTAC	D2	Female	A	HCB00201
HCB00201R_I15	GTCTAGGT	CTGATTCC	D2	Female	A	HCB00201
HCB00201R_J15	GTCTAGGT	AGCGGTAA	D2	Female	A	HCB00201
HCB00201R_K15	GTCTAGGT	GAGTGGAA	D2	Female	A	HCB00201
HCB00201R_L15	GTCTAGGT	CGAACGTT	D2	Female	A	HCB00201
HCB00201R_M15	GTCTAGGT	GAGCTGTA	D2	Female	A	HCB00201
HCB00201R_N15	GTCTAGGT	AGAGTTGC	D2	Female	A	HCB00201
HCB00201R_O15	GTCTAGGT	CGGAGAGA	D2	Female	A	HCB00201
HCB00201R_P15	GTCTAGGT	TCGCATAA	D2	Female	A	HCB00201
HCB00201R_A16	CCGTATTC	AAGCTAGG	D2	Female	A	HCB00201
HCB00201R_B16	CCGTATTC	TCACAGCT	D2	Female	A	HCB00201
HCB00201R_C16	CCGTATTC	CCTGATGT	D2	Female	A	HCB00201
HCB00201R_D16	CCGTATTC	TAATGCGG	D2	Female	A	HCB00201
HCB00201R_E16	CCGTATTC	TTCTCCTC	D2	Female	A	HCB00201
HCB00201R_F16	CCGTATTC	AGAGACTG	D2	Female	A	HCB00201
HCB00201R_G16	CCGTATTC	TGAAGCGT	D2	Female	A	HCB00201
HCB00201R_H16	CCGTATTC	ACCGTTAC	D2	Female	A	HCB00201
HCB00201R_I16	CCGTATTC	CTGATTCC	D2	Female	A	HCB00201
HCB00201R_J16	CCGTATTC	AGCGGTAA	D2	Female	A	HCB00201
HCB00201R_K16	CCGTATTC	GAGTGGAA	D2	Female	A	HCB00201
HCB00201R_L16	CCGTATTC	CGAACGTT	D2	Female	A	HCB00201
HCB00201R_M16	CCGTATTC	GAGCTGTA	D2	Female	A	HCB00201
HCB00201R_N16	CCGTATTC	AGAGTTGC	D2	Female	A	HCB00201
HCB00201R_O16	CCGTATTC	CGGAGAGA	D2	Female	A	HCB00201
HCB00201R_P16	CCGTATTC	TCGCATAA	D2	Female	A	HCB00201
HCB00201R_A17	TTACGCAG	AAGCTAGG	D2	Female	A	HCB00201
HCB00201R_B17	TTACGCAG	TCACAGCT	D2	Female	A	HCB00201
HCB00201R_C17	TTACGCAG	CCTGATGT	D2	Female	A	HCB00201
HCB00201R_D17	TTACGCAG	TAATGCGG	D2	Female	A	HCB00201
HCB00201R_E17	TTACGCAG	TTCTCCTC	D2	Female	A	HCB00201
HCB00201R_F17	TTACGCAG	AGAGACTG	D2	Female	A	HCB00201
HCB00201R_G17	TTACGCAG	TGAAGCGT	D2	Female	A	HCB00201
HCB00201R_H17	TTACGCAG	ACCGTTAC	D2	Female	A	HCB00201
HCB00201R_I17	TTACGCAG	CTGATTCC	D2	Female	A	HCB00201
HCB00201R_J17	TTACGCAG	AGCGGTAA	D2	Female	A	HCB00201
HCB00201R_K17	TTACGCAG	GAGTGGAA	D2	Female	A	HCB00201
HCB00201R_L17	TTACGCAG	CGAACGTT	D2	Female	A	HCB00201
HCB00201R_M17	TTACGCAG	GAGCTGTA	D2	Female	A	HCB00201
HCB00201R_N17	TTACGCAG	AGAGTTGC	D2	Female	A	HCB00201
HCB00201R_O17	TTACGCAG	CGGAGAGA	D2	Female	A	HCB00201
HCB00201R_P17	TTACGCAG	TCGCATAA	D2	Female	A	HCB00201
HCB00201R_A18	TCAACAGG	AAGCTAGG	D2	Female	A	HCB00201
HCB00201R_B18	TCAACAGG	TCACAGCT	D2	Female	A	HCB00201
HCB00201R_C18	TCAACAGG	CCTGATGT	D2	Female	A	HCB00201
HCB00201R_D18	TCAACAGG	TAATGCGG	D2	Female	A	HCB00201
HCB00201R_E18	TCAACAGG	TTCTCCTC	D2	Female	A	HCB00201
HCB00201R_F18	TCAACAGG	AGAGACTG	D2	Female	A	HCB00201
HCB00201R_G18	TCAACAGG	TGAAGCGT	D2	Female	A	HCB00201
HCB00201R_H18	TCAACAGG	ACCGTTAC	D2	Female	A	HCB00201
HCB00201R_I18	TCAACAGG	CTGATTCC	D2	Female	A	HCB00201
HCB00201R_J18	TCAACAGG	AGCGGTAA	D2	Female	A	HCB00201
HCB00201R_K18	TCAACAGG	GAGTGGAA	D2	Female	A	HCB00201
HCB00201R_L18	TCAACAGG	CGAACGTT	D2	Female	A	HCB00201
HCB00201R_M18	TCAACAGG	GAGCTGTA	D2	Female	A	HCB00201
HCB00201R_N18	TCAACAGG	AGAGTTGC	D2	Female	A	HCB00201
HCB00201R_O18	TCAACAGG	CGGAGAGA	D2	Female	A	HCB00201
HCB00201R_P18	TCAACAGG	TCGCATAA	D2	Female	A	HCB00201
HCB00201R_A19	GGCATGTT	AAGCTAGG	D2	Female	A	HCB00201
HCB00201R_B19	GGCATGTT	TCACAGCT	D2	Female	A	HCB00201
HCB00201R_C19	GGCATGTT	CCTGATGT	D2	Female	A	HCB00201
HCB00201R_D19	GGCATGTT	TAATGCGG	D2	Female	A	HCB00201
HCB00201R_E19	GGCATGTT	TTCTCCTC	D2	Female	A	HCB00201
HCB00201R_F19	GGCATGTT	AGAGACTG	D2	Female	A	HCB00201
HCB00201R_G19	GGCATGTT	TGAAGCGT	D2	Female	A	HCB00201
HCB00201R_H19	GGCATGTT	ACCGTTAC	D2	Female	A	HCB00201
HCB00201R_I19	GGCATGTT	CTGATTCC	D2	Female	A	HCB00201
HCB00201R_J19	GGCATGTT	AGCGGTAA	D2	Female	A	HCB00201
HCB00201R_K19	GGCATGTT	GAGTGGAA	D2	Female	A	HCB00201
HCB00201R_L19	GGCATGTT	CGAACGTT	D2	Female	A	HCB00201
HCB00201R_M19	GGCATGTT	GAGCTGTA	D2	Female	A	HCB00201
HCB00201R_N19	GGCATGTT	AGAGTTGC	D2	Female	A	HCB00201
HCB00201R_O19	GGCATGTT	CGGAGAGA	D2	Female	A	HCB00201
HCB00201R_P19	GGCATGTT	TCGCATAA	D2	Female	A	HCB00201
HCB00201R_A20	CCTGCTTA	AAGCTAGG	D2	Female	A	HCB00201
HCB00201R_B20	CCTGCTTA	TCACAGCT	D2	Female	A	HCB00201
HCB00201R_C20	CCTGCTTA	CCTGATGT	D2	Female	A	HCB00201
HCB00201R_D20	CCTGCTTA	TAATGCGG	D2	Female	A	HCB00201
HCB00201R_E20	CCTGCTTA	TTCTCCTC	D2	Female	A	HCB00201
HCB00201R_F20	CCTGCTTA	AGAGACTG	D2	Female	A	HCB00201
HCB00201R_G20	CCTGCTTA	TGAAGCGT	D2	Female	A	HCB00201
HCB00201R_H20	CCTGCTTA	ACCGTTAC	D2	Female	A	HCB00201
HCB00201R_I20	CCTGCTTA	CTGATTCC	D2	Female	A	HCB00201
HCB00201R_J20	CCTGCTTA	AGCGGTAA	D2	Female	A	HCB00201
HCB00201R_K20	CCTGCTTA	GAGTGGAA	D2	Female	A	HCB00201
HCB00201R_L20	CCTGCTTA	CGAACGTT	D2	Female	A	HCB00201
HCB00201R_M20	CCTGCTTA	GAGCTGTA	D2	Female	A	HCB00201
HCB00201R_N20	CCTGCTTA	AGAGTTGC	D2	Female	A	HCB00201
HCB00201R_O20	CCTGCTTA	CGGAGAGA	D2	Female	A	HCB00201
HCB00201R_P20	CCTGCTTA	TCGCATAA	D2	Female	A	HCB00201
HCB00201R_A21	AACCTCCT	AAGCTAGG	D2	Female	A	HCB00201
HCB00201R_B21	AACCTCCT	TCACAGCT	D2	Female	A	HCB00201
HCB00201R_C21	AACCTCCT	CCTGATGT	D2	Female	A	HCB00201
HCB00201R_D21	AACCTCCT	TAATGCGG	D2	Female	A	HCB00201
HCB00201R_E21	AACCTCCT	TTCTCCTC	D2	Female	A	HCB00201
HCB00201R_F21	AACCTCCT	AGAGACTG	D2	Female	A	HCB00201
HCB00201R_G21	AACCTCCT	TGAAGCGT	D2	Female	A	HCB00201
HCB00201R_H21	AACCTCCT	ACCGTTAC	D2	Female	A	HCB00201
HCB00201R_I21	AACCTCCT	CTGATTCC	D2	Female	A	HCB00201
HCB00201R_J21	AACCTCCT	AGCGGTAA	D2	Female	A	HCB00201
HCB00201R_K21	AACCTCCT	GAGTGGAA	D2	Female	A	HCB00201
HCB00201R_L21	AACCTCCT	CGAACGTT	D2	Female	A	HCB00201
HCB00201R_M21	AACCTCCT	GAGCTGTA	D2	Female	A	HCB00201
HCB00201R_N21	AACCTCCT	AGAGTTGC	D2	Female	A	HCB00201
HCB00201R_O21	AACCTCCT	CGGAGAGA	D2	Female	A	HCB00201
HCB00201R_P21	AACCTCCT	TCGCATAA	D2	Female	A	HCB00201
HCB00201R_A22	TCACGAAC	AAGCTAGG	D2	Female	A	HCB00201
HCB00201R_B22	TCACGAAC	TCACAGCT	D2	Female	A	HCB00201
HCB00201R_C22	TCACGAAC	CCTGATGT	D2	Female	A	HCB00201
HCB00201R_D22	TCACGAAC	TAATGCGG	D2	Female	A	HCB00201
HCB00201R_E22	TCACGAAC	TTCTCCTC	D2	Female	A	HCB00201
HCB00201R_F22	TCACGAAC	AGAGACTG	D2	Female	A	HCB00201
HCB00201R_G22	TCACGAAC	TGAAGCGT	D2	Female	A	HCB00201
HCB00201R_H22	TCACGAAC	ACCGTTAC	D2	Female	A	HCB00201
HCB00201R_I22	TCACGAAC	CTGATTCC	D2	Female	A	HCB00201
HCB00201R_J22	TCACGAAC	AGCGGTAA	D2	Female	A	HCB00201
HCB00201R_K22	TCACGAAC	GAGTGGAA	D2	Female	A	HCB00201
HCB00201R_L22	TCACGAAC	CGAACGTT	D2	Female	A	HCB00201
HCB00201R_M22	TCACGAAC	GAGCTGTA	D2	Female	A	HCB00201
HCB00201R_N22	TCACGAAC	AGAGTTGC	D2	Female	A	HCB00201
HCB00201R_O22	TCACGAAC	CGGAGAGA	D2	Female	A	HCB00201
HCB00201R_P22	TCACGAAC	TCGCATAA	D2	Female	A	HCB00201
HCB00201R_A23	GGAATCGA	AAGCTAGG	D2	Female	A	HCB00201
HCB00201R_B23	GGAATCGA	TCACAGCT	D2	Female	A	HCB00201
HCB00201R_C23	GGAATCGA	CCTGATGT	D2	Female	A	HCB00201
HCB00201R_D23	GGAATCGA	TAATGCGG	D2	Female	A	HCB00201
HCB00201R_E23	GGAATCGA	TTCTCCTC	D2	Female	A	HCB00201
HCB00201R_F23	GGAATCGA	AGAGACTG	D2	Female	A	HCB00201
HCB00201R_G23	GGAATCGA	TGAAGCGT	D2	Female	A	HCB00201
HCB00201R_H23	GGAATCGA	ACCGTTAC	D2	Female	A	HCB00201
HCB00201R_I23	GGAATCGA	CTGATTCC	D2	Female	A	HCB00201
HCB00201R_J23	GGAATCGA	AGCGGTAA	D2	Female	A	HCB00201
HCB00201R_K23	GGAATCGA	GAGTGGAA	D2	Female	A	HCB00201
HCB00201R_L23	GGAATCGA	CGAACGTT	D2	Female	A	HCB00201
HCB00201R_M23	GGAATCGA	GAGCTGTA	D2	Female	A	HCB00201
HCB00201R_N23	GGAATCGA	AGAGTTGC	D2	Female	A	HCB00201
HCB00201R_O23	GGAATCGA	CGGAGAGA	D2	Female	A	HCB00201
HCB00201R_P23	GGAATCGA	TCGCATAA	D2	Female	A	HCB00201
HCB00201R_A24	CAGGTACA	AAGCTAGG	D2	Female	A	HCB00201
HCB00201R_B24	CAGGTACA	TCACAGCT	D2	Female	A	HCB00201
HCB00201R_C24	CAGGTACA	CCTGATGT	D2	Female	A	HCB00201
HCB00201R_D24	CAGGTACA	TAATGCGG	D2	Female	A	HCB00201
HCB00201R_E24	CAGGTACA	TTCTCCTC	D2	Female	A	HCB00201
HCB00201R_F24	CAGGTACA	AGAGACTG	D2	Female	A	HCB00201
HCB00201R_G24	CAGGTACA	TGAAGCGT	D2	Female	A	HCB00201
HCB00201R_H24	CAGGTACA	ACCGTTAC	D2	Female	A	HCB00201
HCB00201R_I24	CAGGTACA	CTGATTCC	D2	Female	A	HCB00201
HCB00201R_J24	CAGGTACA	AGCGGTAA	D2	Female	A	HCB00201
HCB00201R_K24	CAGGTACA	GAGTGGAA	D2	Female	A	HCB00201
HCB00201R_L24	CAGGTACA	CGAACGTT	D2	Female	A	HCB00201
HCB00201R_M24	CAGGTACA	GAGCTGTA	D2	Female	A	HCB00201
HCB00201R_N24	CAGGTACA	AGAGTTGC	D2	Female	A	HCB00201
HCB00201R_O24	CAGGTACA	CGGAGAGA	D2	Female	A	HCB00201
HCB00201R_P24	CAGGTACA	TCGCATAA	D2	Female	A	HCB00201
HCB00202R_A01	AACACTCG	CAGCAGTT	D2	Female	A	HCB00202
HCB00202R_B01	AACACTCG	AAGTGCTC	D2	Female	A	HCB00202
HCB00202R_C01	AACACTCG	CATCGCAA	D2	Female	A	HCB00202
HCB00202R_D01	AACACTCG	TAGCCGAA	D2	Female	A	HCB00202
HCB00202R_E01	AACACTCG	GCTCTGAA	D2	Female	A	HCB00202
HCB00202R_F01	AACACTCG	TTAGGTCC	D2	Female	A	HCB00202
HCB00202R_G01	AACACTCG	TCCTCAGT	D2	Female	A	HCB00202
HCB00202R_H01	AACACTCG	CGTTAAGC	D2	Female	A	HCB00202
HCB00202R_I01	AACACTCG	AGCGAACT	D2	Female	A	HCB00202
HCB00202R_J01	AACACTCG	TCGTCCTT	D2	Female	A	HCB00202
HCB00202R_K01	AACACTCG	GAGATTCG	D2	Female	A	HCB00202
HCB00202R_L01	AACACTCG	GTGACAGT	D2	Female	A	HCB00202
HCB00202R_M01	AACACTCG	ACTTCACG	D2	Female	A	HCB00202
HCB00202R_N01	AACACTCG	CCTAGACA	D2	Female	A	HCB00202
HCB00202R_O01	AACACTCG	GTTACTGG	D2	Female	A	HCB00202
HCB00202R_P01	AACACTCG	ATCTCTGG	D2	Female	A	HCB00202
HCB00202R_A02	TGGAACAG	CAGCAGTT	D2	Female	A	HCB00202
HCB00202R_B02	TGGAACAG	AAGTGCTC	D2	Female	A	HCB00202
HCB00202R_C02	TGGAACAG	CATCGCAA	D2	Female	A	HCB00202
HCB00202R_D02	TGGAACAG	TAGCCGAA	D2	Female	A	HCB00202
HCB00202R_E02	TGGAACAG	GCTCTGAA	D2	Female	A	HCB00202
HCB00202R_F02	TGGAACAG	TTAGGTCC	D2	Female	A	HCB00202
HCB00202R_G02	TGGAACAG	TCCTCAGT	D2	Female	A	HCB00202
HCB00202R_H02	TGGAACAG	CGTTAAGC	D2	Female	A	HCB00202
HCB00202R_I02	TGGAACAG	AGCGAACT	D2	Female	A	HCB00202
HCB00202R_J02	TGGAACAG	TCGTCCTT	D2	Female	A	HCB00202
HCB00202R_K02	TGGAACAG	GAGATTCG	D2	Female	A	HCB00202
HCB00202R_L02	TGGAACAG	GTGACAGT	D2	Female	A	HCB00202
HCB00202R_M02	TGGAACAG	ACTTCACG	D2	Female	A	HCB00202
HCB00202R_N02	TGGAACAG	CCTAGACA	D2	Female	A	HCB00202
HCB00202R_O02	TGGAACAG	GTTACTGG	D2	Female	A	HCB00202
HCB00202R_P02	TGGAACAG	ATCTCTGG	D2	Female	A	HCB00202
HCB00202R_A03	AGAAGTGG	CAGCAGTT	D2	Female	A	HCB00202
HCB00202R_B03	AGAAGTGG	AAGTGCTC	D2	Female	A	HCB00202
HCB00202R_C03	AGAAGTGG	CATCGCAA	D2	Female	A	HCB00202
HCB00202R_D03	AGAAGTGG	TAGCCGAA	D2	Female	A	HCB00202
HCB00202R_E03	AGAAGTGG	GCTCTGAA	D2	Female	A	HCB00202
HCB00202R_F03	AGAAGTGG	TTAGGTCC	D2	Female	A	HCB00202
HCB00202R_G03	AGAAGTGG	TCCTCAGT	D2	Female	A	HCB00202
HCB00202R_H03	AGAAGTGG	CGTTAAGC	D2	Female	A	HCB00202
HCB00202R_I03	AGAAGTGG	AGCGAACT	D2	Female	A	HCB00202
HCB00202R_J03	AGAAGTGG	TCGTCCTT	D2	Female	A	HCB00202
HCB00202R_K03	AGAAGTGG	GAGATTCG	D2	Female	A	HCB00202
HCB00202R_L03	AGAAGTGG	GTGACAGT	D2	Female	A	HCB00202
HCB00202R_M03	AGAAGTGG	ACTTCACG	D2	Female	A	HCB00202
HCB00202R_N03	AGAAGTGG	CCTAGACA	D2	Female	A	HCB00202
HCB00202R_O03	AGAAGTGG	GTTACTGG	D2	Female	A	HCB00202
HCB00202R_P03	AGAAGTGG	ATCTCTGG	D2	Female	A	HCB00202
HCB00202R_A04	TGGTGTTG	CAGCAGTT	D2	Female	A	HCB00202
HCB00202R_B04	TGGTGTTG	AAGTGCTC	D2	Female	A	HCB00202
HCB00202R_C04	TGGTGTTG	CATCGCAA	D2	Female	A	HCB00202
HCB00202R_D04	TGGTGTTG	TAGCCGAA	D2	Female	A	HCB00202
HCB00202R_E04	TGGTGTTG	GCTCTGAA	D2	Female	A	HCB00202
HCB00202R_F04	TGGTGTTG	TTAGGTCC	D2	Female	A	HCB00202
HCB00202R_G04	TGGTGTTG	TCCTCAGT	D2	Female	A	HCB00202
HCB00202R_H04	TGGTGTTG	CGTTAAGC	D2	Female	A	HCB00202
HCB00202R_I04	TGGTGTTG	AGCGAACT	D2	Female	A	HCB00202
HCB00202R_J04	TGGTGTTG	TCGTCCTT	D2	Female	A	HCB00202
HCB00202R_K04	TGGTGTTG	GAGATTCG	D2	Female	A	HCB00202
HCB00202R_L04	TGGTGTTG	GTGACAGT	D2	Female	A	HCB00202
HCB00202R_M04	TGGTGTTG	ACTTCACG	D2	Female	A	HCB00202
HCB00202R_N04	TGGTGTTG	CCTAGACA	D2	Female	A	HCB00202
HCB00202R_O04	TGGTGTTG	GTTACTGG	D2	Female	A	HCB00202
HCB00202R_P04	TGGTGTTG	ATCTCTGG	D2	Female	A	HCB00202
HCB00202R_A05	AGGCGTAT	CAGCAGTT	D2	Female	A	HCB00202
HCB00202R_B05	AGGCGTAT	AAGTGCTC	D2	Female	A	HCB00202
HCB00202R_C05	AGGCGTAT	CATCGCAA	D2	Female	A	HCB00202
HCB00202R_D05	AGGCGTAT	TAGCCGAA	D2	Female	A	HCB00202
HCB00202R_E05	AGGCGTAT	GCTCTGAA	D2	Female	A	HCB00202
HCB00202R_F05	AGGCGTAT	TTAGGTCC	D2	Female	A	HCB00202
HCB00202R_G05	AGGCGTAT	TCCTCAGT	D2	Female	A	HCB00202
HCB00202R_H05	AGGCGTAT	CGTTAAGC	D2	Female	A	HCB00202
HCB00202R_I05	AGGCGTAT	AGCGAACT	D2	Female	A	HCB00202
HCB00202R_J05	AGGCGTAT	TCGTCCTT	D2	Female	A	HCB00202
HCB00202R_K05	AGGCGTAT	GAGATTCG	D2	Female	A	HCB00202
HCB00202R_L05	AGGCGTAT	GTGACAGT	D2	Female	A	HCB00202
HCB00202R_M05	AGGCGTAT	ACTTCACG	D2	Female	A	HCB00202
HCB00202R_N05	AGGCGTAT	CCTAGACA	D2	Female	A	HCB00202
HCB00202R_O05	AGGCGTAT	GTTACTGG	D2	Female	A	HCB00202
HCB00202R_P05	AGGCGTAT	ATCTCTGG	D2	Female	A	HCB00202
HCB00202R_A06	GGTTCAAC	CAGCAGTT	D2	Female	A	HCB00202
HCB00202R_B06	GGTTCAAC	AAGTGCTC	D2	Female	A	HCB00202
HCB00202R_C06	GGTTCAAC	CATCGCAA	D2	Female	A	HCB00202
HCB00202R_D06	GGTTCAAC	TAGCCGAA	D2	Female	A	HCB00202
HCB00202R_E06	GGTTCAAC	GCTCTGAA	D2	Female	A	HCB00202
HCB00202R_F06	GGTTCAAC	TTAGGTCC	D2	Female	A	HCB00202
HCB00202R_G06	GGTTCAAC	TCCTCAGT	D2	Female	A	HCB00202
HCB00202R_H06	GGTTCAAC	CGTTAAGC	D2	Female	A	HCB00202
HCB00202R_I06	GGTTCAAC	AGCGAACT	D2	Female	A	HCB00202
HCB00202R_J06	GGTTCAAC	TCGTCCTT	D2	Female	A	HCB00202
HCB00202R_K06	GGTTCAAC	GAGATTCG	D2	Female	A	HCB00202
HCB00202R_L06	GGTTCAAC	GTGACAGT	D2	Female	A	HCB00202
HCB00202R_M06	GGTTCAAC	ACTTCACG	D2	Female	A	HCB00202
HCB00202R_N06	GGTTCAAC	CCTAGACA	D2	Female	A	HCB00202
HCB00202R_O06	GGTTCAAC	GTTACTGG	D2	Female	A	HCB00202
HCB00202R_P06	GGTTCAAC	ATCTCTGG	D2	Female	A	HCB00202
HCB00202R_A07	CCAGAGAA	CAGCAGTT	D2	Female	A	HCB00202
HCB00202R_B07	CCAGAGAA	AAGTGCTC	D2	Female	A	HCB00202
HCB00202R_C07	CCAGAGAA	CATCGCAA	D2	Female	A	HCB00202
HCB00202R_D07	CCAGAGAA	TAGCCGAA	D2	Female	A	HCB00202
HCB00202R_E07	CCAGAGAA	GCTCTGAA	D2	Female	A	HCB00202
HCB00202R_F07	CCAGAGAA	TTAGGTCC	D2	Female	A	HCB00202
HCB00202R_G07	CCAGAGAA	TCCTCAGT	D2	Female	A	HCB00202
HCB00202R_H07	CCAGAGAA	CGTTAAGC	D2	Female	A	HCB00202
HCB00202R_I07	CCAGAGAA	AGCGAACT	D2	Female	A	HCB00202
HCB00202R_J07	CCAGAGAA	TCGTCCTT	D2	Female	A	HCB00202
HCB00202R_K07	CCAGAGAA	GAGATTCG	D2	Female	A	HCB00202
HCB00202R_L07	CCAGAGAA	GTGACAGT	D2	Female	A	HCB00202
HCB00202R_M07	CCAGAGAA	ACTTCACG	D2	Female	A	HCB00202
HCB00202R_N07	CCAGAGAA	CCTAGACA	D2	Female	A	HCB00202
HCB00202R_O07	CCAGAGAA	GTTACTGG	D2	Female	A	HCB00202
HCB00202R_P07	CCAGAGAA	ATCTCTGG	D2	Female	A	HCB00202
HCB00202R_A08	ATTGCAGC	CAGCAGTT	D2	Female	A	HCB00202
HCB00202R_B08	ATTGCAGC	AAGTGCTC	D2	Female	A	HCB00202
HCB00202R_C08	ATTGCAGC	CATCGCAA	D2	Female	A	HCB00202
HCB00202R_D08	ATTGCAGC	TAGCCGAA	D2	Female	A	HCB00202
HCB00202R_E08	ATTGCAGC	GCTCTGAA	D2	Female	A	HCB00202
HCB00202R_F08	ATTGCAGC	TTAGGTCC	D2	Female	A	HCB00202
HCB00202R_G08	ATTGCAGC	TCCTCAGT	D2	Female	A	HCB00202
HCB00202R_H08	ATTGCAGC	CGTTAAGC	D2	Female	A	HCB00202
HCB00202R_I08	ATTGCAGC	AGCGAACT	D2	Female	A	HCB00202
HCB00202R_J08	ATTGCAGC	TCGTCCTT	D2	Female	A	HCB00202
HCB00202R_K08	ATTGCAGC	GAGATTCG	D2	Female	A	HCB00202
HCB00202R_L08	ATTGCAGC	GTGACAGT	D2	Female	A	HCB00202
HCB00202R_M08	ATTGCAGC	ACTTCACG	D2	Female	A	HCB00202
HCB00202R_N08	ATTGCAGC	CCTAGACA	D2	Female	A	HCB00202
HCB00202R_O08	ATTGCAGC	GTTACTGG	D2	Female	A	HCB00202
HCB00202R_P08	ATTGCAGC	ATCTCTGG	D2	Female	A	HCB00202
HCB00202R_A09	CAGTTCCT	CAGCAGTT	D2	Female	A	HCB00202
HCB00202R_B09	CAGTTCCT	AAGTGCTC	D2	Female	A	HCB00202
HCB00202R_C09	CAGTTCCT	CATCGCAA	D2	Female	A	HCB00202
HCB00202R_D09	CAGTTCCT	TAGCCGAA	D2	Female	A	HCB00202
HCB00202R_E09	CAGTTCCT	GCTCTGAA	D2	Female	A	HCB00202
HCB00202R_F09	CAGTTCCT	TTAGGTCC	D2	Female	A	HCB00202
HCB00202R_G09	CAGTTCCT	TCCTCAGT	D2	Female	A	HCB00202
HCB00202R_H09	CAGTTCCT	CGTTAAGC	D2	Female	A	HCB00202
HCB00202R_I09	CAGTTCCT	AGCGAACT	D2	Female	A	HCB00202
HCB00202R_J09	CAGTTCCT	TCGTCCTT	D2	Female	A	HCB00202
HCB00202R_K09	CAGTTCCT	GAGATTCG	D2	Female	A	HCB00202
HCB00202R_L09	CAGTTCCT	GTGACAGT	D2	Female	A	HCB00202
HCB00202R_M09	CAGTTCCT	ACTTCACG	D2	Female	A	HCB00202
HCB00202R_N09	CAGTTCCT	CCTAGACA	D2	Female	A	HCB00202
HCB00202R_O09	CAGTTCCT	GTTACTGG	D2	Female	A	HCB00202
HCB00202R_P09	CAGTTCCT	ATCTCTGG	D2	Female	A	HCB00202
HCB00202R_A10	TTCCTAGG	CAGCAGTT	D2	Female	A	HCB00202
HCB00202R_B10	TTCCTAGG	AAGTGCTC	D2	Female	A	HCB00202
HCB00202R_C10	TTCCTAGG	CATCGCAA	D2	Female	A	HCB00202
HCB00202R_D10	TTCCTAGG	TAGCCGAA	D2	Female	A	HCB00202
HCB00202R_E10	TTCCTAGG	GCTCTGAA	D2	Female	A	HCB00202
HCB00202R_F10	TTCCTAGG	TTAGGTCC	D2	Female	A	HCB00202
HCB00202R_G10	TTCCTAGG	TCCTCAGT	D2	Female	A	HCB00202
HCB00202R_H10	TTCCTAGG	CGTTAAGC	D2	Female	A	HCB00202
HCB00202R_I10	TTCCTAGG	AGCGAACT	D2	Female	A	HCB00202
HCB00202R_J10	TTCCTAGG	TCGTCCTT	D2	Female	A	HCB00202
HCB00202R_K10	TTCCTAGG	GAGATTCG	D2	Female	A	HCB00202
HCB00202R_L10	TTCCTAGG	GTGACAGT	D2	Female	A	HCB00202
HCB00202R_M10	TTCCTAGG	ACTTCACG	D2	Female	A	HCB00202
HCB00202R_N10	TTCCTAGG	CCTAGACA	D2	Female	A	HCB00202
HCB00202R_O10	TTCCTAGG	GTTACTGG	D2	Female	A	HCB00202
HCB00202R_P10	TTCCTAGG	ATCTCTGG	D2	Female	A	HCB00202
HCB00202R_A11	AGTGTGGT	CAGCAGTT	D2	Female	A	HCB00202
HCB00202R_B11	AGTGTGGT	AAGTGCTC	D2	Female	A	HCB00202
HCB00202R_C11	AGTGTGGT	CATCGCAA	D2	Female	A	HCB00202
HCB00202R_D11	AGTGTGGT	TAGCCGAA	D2	Female	A	HCB00202
HCB00202R_E11	AGTGTGGT	GCTCTGAA	D2	Female	A	HCB00202
HCB00202R_F11	AGTGTGGT	TTAGGTCC	D2	Female	A	HCB00202
HCB00202R_G11	AGTGTGGT	TCCTCAGT	D2	Female	A	HCB00202
HCB00202R_H11	AGTGTGGT	CGTTAAGC	D2	Female	A	HCB00202
HCB00202R_I11	AGTGTGGT	AGCGAACT	D2	Female	A	HCB00202
HCB00202R_J11	AGTGTGGT	TCGTCCTT	D2	Female	A	HCB00202
HCB00202R_K11	AGTGTGGT	GAGATTCG	D2	Female	A	HCB00202
HCB00202R_L11	AGTGTGGT	GTGACAGT	D2	Female	A	HCB00202
HCB00202R_M11	AGTGTGGT	ACTTCACG	D2	Female	A	HCB00202
HCB00202R_N11	AGTGTGGT	CCTAGACA	D2	Female	A	HCB00202
HCB00202R_O11	AGTGTGGT	GTTACTGG	D2	Female	A	HCB00202
HCB00202R_P11	AGTGTGGT	ATCTCTGG	D2	Female	A	HCB00202
HCB00202R_A12	GTAGCATC	CAGCAGTT	D2	Female	A	HCB00202
HCB00202R_B12	GTAGCATC	AAGTGCTC	D2	Female	A	HCB00202
HCB00202R_C12	GTAGCATC	CATCGCAA	D2	Female	A	HCB00202
HCB00202R_D12	GTAGCATC	TAGCCGAA	D2	Female	A	HCB00202
HCB00202R_E12	GTAGCATC	GCTCTGAA	D2	Female	A	HCB00202
HCB00202R_F12	GTAGCATC	TTAGGTCC	D2	Female	A	HCB00202
HCB00202R_G12	GTAGCATC	TCCTCAGT	D2	Female	A	HCB00202
HCB00202R_H12	GTAGCATC	CGTTAAGC	D2	Female	A	HCB00202
HCB00202R_I12	GTAGCATC	AGCGAACT	D2	Female	A	HCB00202
HCB00202R_J12	GTAGCATC	TCGTCCTT	D2	Female	A	HCB00202
HCB00202R_K12	GTAGCATC	GAGATTCG	D2	Female	A	HCB00202
HCB00202R_L12	GTAGCATC	GTGACAGT	D2	Female	A	HCB00202
HCB00202R_M12	GTAGCATC	ACTTCACG	D2	Female	A	HCB00202
HCB00202R_N12	GTAGCATC	CCTAGACA	D2	Female	A	HCB00202
HCB00202R_O12	GTAGCATC	GTTACTGG	D2	Female	A	HCB00202
HCB00202R_P12	GTAGCATC	ATCTCTGG	D2	Female	A	HCB00202
HCB00202R_A13	GAGACCTT	CAGCAGTT	D2	Female	A	HCB00202
HCB00202R_B13	GAGACCTT	AAGTGCTC	D2	Female	A	HCB00202
HCB00202R_C13	GAGACCTT	CATCGCAA	D2	Female	A	HCB00202
HCB00202R_D13	GAGACCTT	TAGCCGAA	D2	Female	A	HCB00202
HCB00202R_E13	GAGACCTT	GCTCTGAA	D2	Female	A	HCB00202
HCB00202R_F13	GAGACCTT	TTAGGTCC	D2	Female	A	HCB00202
HCB00202R_G13	GAGACCTT	TCCTCAGT	D2	Female	A	HCB00202
HCB00202R_H13	GAGACCTT	CGTTAAGC	D2	Female	A	HCB00202
HCB00202R_I13	GAGACCTT	AGCGAACT	D2	Female	A	HCB00202
HCB00202R_J13	GAGACCTT	TCGTCCTT	D2	Female	A	HCB00202
HCB00202R_K13	GAGACCTT	GAGATTCG	D2	Female	A	HCB00202
HCB00202R_L13	GAGACCTT	GTGACAGT	D2	Female	A	HCB00202
HCB00202R_M13	GAGACCTT	ACTTCACG	D2	Female	A	HCB00202
HCB00202R_N13	GAGACCTT	CCTAGACA	D2	Female	A	HCB00202
HCB00202R_O13	GAGACCTT	GTTACTGG	D2	Female	A	HCB00202
HCB00202R_P13	GAGACCTT	ATCTCTGG	D2	Female	A	HCB00202
HCB00202R_A14	ACTCAGCA	CAGCAGTT	D2	Female	A	HCB00202
HCB00202R_B14	ACTCAGCA	AAGTGCTC	D2	Female	A	HCB00202
HCB00202R_C14	ACTCAGCA	CATCGCAA	D2	Female	A	HCB00202
HCB00202R_D14	ACTCAGCA	TAGCCGAA	D2	Female	A	HCB00202
HCB00202R_E14	ACTCAGCA	GCTCTGAA	D2	Female	A	HCB00202
HCB00202R_F14	ACTCAGCA	TTAGGTCC	D2	Female	A	HCB00202
HCB00202R_G14	ACTCAGCA	TCCTCAGT	D2	Female	A	HCB00202
HCB00202R_H14	ACTCAGCA	CGTTAAGC	D2	Female	A	HCB00202
HCB00202R_I14	ACTCAGCA	AGCGAACT	D2	Female	A	HCB00202
HCB00202R_J14	ACTCAGCA	TCGTCCTT	D2	Female	A	HCB00202
HCB00202R_K14	ACTCAGCA	GAGATTCG	D2	Female	A	HCB00202
HCB00202R_L14	ACTCAGCA	GTGACAGT	D2	Female	A	HCB00202
HCB00202R_M14	ACTCAGCA	ACTTCACG	D2	Female	A	HCB00202
HCB00202R_N14	ACTCAGCA	CCTAGACA	D2	Female	A	HCB00202
HCB00202R_O14	ACTCAGCA	GTTACTGG	D2	Female	A	HCB00202
HCB00202R_P14	ACTCAGCA	ATCTCTGG	D2	Female	A	HCB00202
HCB00202R_A15	GTCTAGGT	CAGCAGTT	D2	Female	A	HCB00202
HCB00202R_B15	GTCTAGGT	AAGTGCTC	D2	Female	A	HCB00202
HCB00202R_C15	GTCTAGGT	CATCGCAA	D2	Female	A	HCB00202
HCB00202R_D15	GTCTAGGT	TAGCCGAA	D2	Female	A	HCB00202
HCB00202R_E15	GTCTAGGT	GCTCTGAA	D2	Female	A	HCB00202
HCB00202R_F15	GTCTAGGT	TTAGGTCC	D2	Female	A	HCB00202
HCB00202R_G15	GTCTAGGT	TCCTCAGT	D2	Female	A	HCB00202
HCB00202R_H15	GTCTAGGT	CGTTAAGC	D2	Female	A	HCB00202
HCB00202R_I15	GTCTAGGT	AGCGAACT	D2	Female	A	HCB00202
HCB00202R_J15	GTCTAGGT	TCGTCCTT	D2	Female	A	HCB00202
HCB00202R_K15	GTCTAGGT	GAGATTCG	D2	Female	A	HCB00202
HCB00202R_L15	GTCTAGGT	GTGACAGT	D2	Female	A	HCB00202
HCB00202R_M15	GTCTAGGT	ACTTCACG	D2	Female	A	HCB00202
HCB00202R_N15	GTCTAGGT	CCTAGACA	D2	Female	A	HCB00202
HCB00202R_O15	GTCTAGGT	GTTACTGG	D2	Female	A	HCB00202
HCB00202R_P15	GTCTAGGT	ATCTCTGG	D2	Female	A	HCB00202
HCB00202R_A16	CCGTATTC	CAGCAGTT	D2	Female	A	HCB00202
HCB00202R_B16	CCGTATTC	AAGTGCTC	D2	Female	A	HCB00202
HCB00202R_C16	CCGTATTC	CATCGCAA	D2	Female	A	HCB00202
HCB00202R_D16	CCGTATTC	TAGCCGAA	D2	Female	A	HCB00202
HCB00202R_E16	CCGTATTC	GCTCTGAA	D2	Female	A	HCB00202
HCB00202R_F16	CCGTATTC	TTAGGTCC	D2	Female	A	HCB00202
HCB00202R_G16	CCGTATTC	TCCTCAGT	D2	Female	A	HCB00202
HCB00202R_H16	CCGTATTC	CGTTAAGC	D2	Female	A	HCB00202
HCB00202R_I16	CCGTATTC	AGCGAACT	D2	Female	A	HCB00202
HCB00202R_J16	CCGTATTC	TCGTCCTT	D2	Female	A	HCB00202
HCB00202R_K16	CCGTATTC	GAGATTCG	D2	Female	A	HCB00202
HCB00202R_L16	CCGTATTC	GTGACAGT	D2	Female	A	HCB00202
HCB00202R_M16	CCGTATTC	ACTTCACG	D2	Female	A	HCB00202
HCB00202R_N16	CCGTATTC	CCTAGACA	D2	Female	A	HCB00202
HCB00202R_O16	CCGTATTC	GTTACTGG	D2	Female	A	HCB00202
HCB00202R_P16	CCGTATTC	ATCTCTGG	D2	Female	A	HCB00202
HCB00202R_A17	TTACGCAG	CAGCAGTT	D2	Female	A	HCB00202
HCB00202R_B17	TTACGCAG	AAGTGCTC	D2	Female	A	HCB00202
HCB00202R_C17	TTACGCAG	CATCGCAA	D2	Female	A	HCB00202
HCB00202R_D17	TTACGCAG	TAGCCGAA	D2	Female	A	HCB00202
HCB00202R_E17	TTACGCAG	GCTCTGAA	D2	Female	A	HCB00202
HCB00202R_F17	TTACGCAG	TTAGGTCC	D2	Female	A	HCB00202
HCB00202R_G17	TTACGCAG	TCCTCAGT	D2	Female	A	HCB00202
HCB00202R_H17	TTACGCAG	CGTTAAGC	D2	Female	A	HCB00202
HCB00202R_I17	TTACGCAG	AGCGAACT	D2	Female	A	HCB00202
HCB00202R_J17	TTACGCAG	TCGTCCTT	D2	Female	A	HCB00202
HCB00202R_K17	TTACGCAG	GAGATTCG	D2	Female	A	HCB00202
HCB00202R_L17	TTACGCAG	GTGACAGT	D2	Female	A	HCB00202
HCB00202R_M17	TTACGCAG	ACTTCACG	D2	Female	A	HCB00202
HCB00202R_N17	TTACGCAG	CCTAGACA	D2	Female	A	HCB00202
HCB00202R_O17	TTACGCAG	GTTACTGG	D2	Female	A	HCB00202
HCB00202R_P17	TTACGCAG	ATCTCTGG	D2	Female	A	HCB00202
HCB00202R_A18	TCAACAGG	CAGCAGTT	D2	Female	A	HCB00202
HCB00202R_B18	TCAACAGG	AAGTGCTC	D2	Female	A	HCB00202
HCB00202R_C18	TCAACAGG	CATCGCAA	D2	Female	A	HCB00202
HCB00202R_D18	TCAACAGG	TAGCCGAA	D2	Female	A	HCB00202
HCB00202R_E18	TCAACAGG	GCTCTGAA	D2	Female	A	HCB00202
HCB00202R_F18	TCAACAGG	TTAGGTCC	D2	Female	A	HCB00202
HCB00202R_G18	TCAACAGG	TCCTCAGT	D2	Female	A	HCB00202
HCB00202R_H18	TCAACAGG	CGTTAAGC	D2	Female	A	HCB00202
HCB00202R_I18	TCAACAGG	AGCGAACT	D2	Female	A	HCB00202
HCB00202R_J18	TCAACAGG	TCGTCCTT	D2	Female	A	HCB00202
HCB00202R_K18	TCAACAGG	GAGATTCG	D2	Female	A	HCB00202
HCB00202R_L18	TCAACAGG	GTGACAGT	D2	Female	A	HCB00202
HCB00202R_M18	TCAACAGG	ACTTCACG	D2	Female	A	HCB00202
HCB00202R_N18	TCAACAGG	CCTAGACA	D2	Female	A	HCB00202
HCB00202R_O18	TCAACAGG	GTTACTGG	D2	Female	A	HCB00202
HCB00202R_P18	TCAACAGG	ATCTCTGG	D2	Female	A	HCB00202
HCB00202R_A19	GGCATGTT	CAGCAGTT	D2	Female	A	HCB00202
HCB00202R_B19	GGCATGTT	AAGTGCTC	D2	Female	A	HCB00202
HCB00202R_C19	GGCATGTT	CATCGCAA	D2	Female	A	HCB00202
HCB00202R_D19	GGCATGTT	TAGCCGAA	D2	Female	A	HCB00202
HCB00202R_E19	GGCATGTT	GCTCTGAA	D2	Female	A	HCB00202
HCB00202R_F19	GGCATGTT	TTAGGTCC	D2	Female	A	HCB00202
HCB00202R_G19	GGCATGTT	TCCTCAGT	D2	Female	A	HCB00202
HCB00202R_H19	GGCATGTT	CGTTAAGC	D2	Female	A	HCB00202
HCB00202R_I19	GGCATGTT	AGCGAACT	D2	Female	A	HCB00202
HCB00202R_J19	GGCATGTT	TCGTCCTT	D2	Female	A	HCB00202
HCB00202R_K19	GGCATGTT	GAGATTCG	D2	Female	A	HCB00202
HCB00202R_L19	GGCATGTT	GTGACAGT	D2	Female	A	HCB00202
HCB00202R_M19	GGCATGTT	ACTTCACG	D2	Female	A	HCB00202
HCB00202R_N19	GGCATGTT	CCTAGACA	D2	Female	A	HCB00202
HCB00202R_O19	GGCATGTT	GTTACTGG	D2	Female	A	HCB00202
HCB00202R_P19	GGCATGTT	ATCTCTGG	D2	Female	A	HCB00202
HCB00202R_A20	CCTGCTTA	CAGCAGTT	D2	Female	A	HCB00202
HCB00202R_B20	CCTGCTTA	AAGTGCTC	D2	Female	A	HCB00202
HCB00202R_C20	CCTGCTTA	CATCGCAA	D2	Female	A	HCB00202
HCB00202R_D20	CCTGCTTA	TAGCCGAA	D2	Female	A	HCB00202
HCB00202R_E20	CCTGCTTA	GCTCTGAA	D2	Female	A	HCB00202
HCB00202R_F20	CCTGCTTA	TTAGGTCC	D2	Female	A	HCB00202
HCB00202R_G20	CCTGCTTA	TCCTCAGT	D2	Female	A	HCB00202
HCB00202R_H20	CCTGCTTA	CGTTAAGC	D2	Female	A	HCB00202
HCB00202R_I20	CCTGCTTA	AGCGAACT	D2	Female	A	HCB00202
HCB00202R_J20	CCTGCTTA	TCGTCCTT	D2	Female	A	HCB00202
HCB00202R_K20	CCTGCTTA	GAGATTCG	D2	Female	A	HCB00202
HCB00202R_L20	CCTGCTTA	GTGACAGT	D2	Female	A	HCB00202
HCB00202R_M20	CCTGCTTA	ACTTCACG	D2	Female	A	HCB00202
HCB00202R_N20	CCTGCTTA	CCTAGACA	D2	Female	A	HCB00202
HCB00202R_O20	CCTGCTTA	GTTACTGG	D2	Female	A	HCB00202
HCB00202R_P20	CCTGCTTA	ATCTCTGG	D2	Female	A	HCB00202
HCB00202R_A21	AACCTCCT	CAGCAGTT	D2	Female	A	HCB00202
HCB00202R_B21	AACCTCCT	AAGTGCTC	D2	Female	A	HCB00202
HCB00202R_C21	AACCTCCT	CATCGCAA	D2	Female	A	HCB00202
HCB00202R_D21	AACCTCCT	TAGCCGAA	D2	Female	A	HCB00202
HCB00202R_E21	AACCTCCT	GCTCTGAA	D2	Female	A	HCB00202
HCB00202R_F21	AACCTCCT	TTAGGTCC	D2	Female	A	HCB00202
HCB00202R_G21	AACCTCCT	TCCTCAGT	D2	Female	A	HCB00202
HCB00202R_H21	AACCTCCT	CGTTAAGC	D2	Female	A	HCB00202
HCB00202R_I21	AACCTCCT	AGCGAACT	D2	Female	A	HCB00202
HCB00202R_J21	AACCTCCT	TCGTCCTT	D2	Female	A	HCB00202
HCB00202R_K21	AACCTCCT	GAGATTCG	D2	Female	A	HCB00202
HCB00202R_L21	AACCTCCT	GTGACAGT	D2	Female	A	HCB00202
HCB00202R_M21	AACCTCCT	ACTTCACG	D2	Female	A	HCB00202
HCB00202R_N21	AACCTCCT	CCTAGACA	D2	Female	A	HCB00202
HCB00202R_O21	AACCTCCT	GTTACTGG	D2	Female	A	HCB00202
HCB00202R_P21	AACCTCCT	ATCTCTGG	D2	Female	A	HCB00202
HCB00202R_A22	TCACGAAC	CAGCAGTT	D2	Female	A	HCB00202
HCB00202R_B22	TCACGAAC	AAGTGCTC	D2	Female	A	HCB00202
HCB00202R_C22	TCACGAAC	CATCGCAA	D2	Female	A	HCB00202
HCB00202R_D22	TCACGAAC	TAGCCGAA	D2	Female	A	HCB00202
HCB00202R_E22	TCACGAAC	GCTCTGAA	D2	Female	A	HCB00202
HCB00202R_F22	TCACGAAC	TTAGGTCC	D2	Female	A	HCB00202
HCB00202R_G22	TCACGAAC	TCCTCAGT	D2	Female	A	HCB00202
HCB00202R_H22	TCACGAAC	CGTTAAGC	D2	Female	A	HCB00202
HCB00202R_I22	TCACGAAC	AGCGAACT	D2	Female	A	HCB00202
HCB00202R_J22	TCACGAAC	TCGTCCTT	D2	Female	A	HCB00202
HCB00202R_K22	TCACGAAC	GAGATTCG	D2	Female	A	HCB00202
HCB00202R_L22	TCACGAAC	GTGACAGT	D2	Female	A	HCB00202
HCB00202R_M22	TCACGAAC	ACTTCACG	D2	Female	A	HCB00202
HCB00202R_N22	TCACGAAC	CCTAGACA	D2	Female	A	HCB00202
HCB00202R_O22	TCACGAAC	GTTACTGG	D2	Female	A	HCB00202
HCB00202R_P22	TCACGAAC	ATCTCTGG	D2	Female	A	HCB00202
HCB00202R_A23	GGAATCGA	CAGCAGTT	D2	Female	A	HCB00202
HCB00202R_B23	GGAATCGA	AAGTGCTC	D2	Female	A	HCB00202
HCB00202R_C23	GGAATCGA	CATCGCAA	D2	Female	A	HCB00202
HCB00202R_D23	GGAATCGA	TAGCCGAA	D2	Female	A	HCB00202
HCB00202R_E23	GGAATCGA	GCTCTGAA	D2	Female	A	HCB00202
HCB00202R_F23	GGAATCGA	TTAGGTCC	D2	Female	A	HCB00202
HCB00202R_G23	GGAATCGA	TCCTCAGT	D2	Female	A	HCB00202
HCB00202R_H23	GGAATCGA	CGTTAAGC	D2	Female	A	HCB00202
HCB00202R_I23	GGAATCGA	AGCGAACT	D2	Female	A	HCB00202
HCB00202R_J23	GGAATCGA	TCGTCCTT	D2	Female	A	HCB00202
HCB00202R_K23	GGAATCGA	GAGATTCG	D2	Female	A	HCB00202
HCB00202R_L23	GGAATCGA	GTGACAGT	D2	Female	A	HCB00202
HCB00202R_M23	GGAATCGA	ACTTCACG	D2	Female	A	HCB00202
HCB00202R_N23	GGAATCGA	CCTAGACA	D2	Female	A	HCB00202
HCB00202R_O23	GGAATCGA	GTTACTGG	D2	Female	A	HCB00202
HCB00202R_P23	GGAATCGA	ATCTCTGG	D2	Female	A	HCB00202
HCB00202R_A24	CAGGTACA	CAGCAGTT	D2	Female	A	HCB00202
HCB00202R_B24	CAGGTACA	AAGTGCTC	D2	Female	A	HCB00202
HCB00202R_C24	CAGGTACA	CATCGCAA	D2	Female	A	HCB00202
HCB00202R_D24	CAGGTACA	TAGCCGAA	D2	Female	A	HCB00202
HCB00202R_E24	CAGGTACA	GCTCTGAA	D2	Female	A	HCB00202
HCB00202R_F24	CAGGTACA	TTAGGTCC	D2	Female	A	HCB00202
HCB00202R_G24	CAGGTACA	TCCTCAGT	D2	Female	A	HCB00202
HCB00202R_H24	CAGGTACA	CGTTAAGC	D2	Female	A	HCB00202
HCB00202R_I24	CAGGTACA	AGCGAACT	D2	Female	A	HCB00202
HCB00202R_J24	CAGGTACA	TCGTCCTT	D2	Female	A	HCB00202
HCB00202R_K24	CAGGTACA	GAGATTCG	D2	Female	A	HCB00202
HCB00202R_L24	CAGGTACA	GTGACAGT	D2	Female	A	HCB00202
HCB00202R_M24	CAGGTACA	ACTTCACG	D2	Female	A	HCB00202
HCB00202R_N24	CAGGTACA	CCTAGACA	D2	Female	A	HCB00202
HCB00202R_O24	CAGGTACA	GTTACTGG	D2	Female	A	HCB00202
HCB00202R_P24	CAGGTACA	ATCTCTGG	D2	Female	A	HCB00202
