sample_id	sample_bc	clone	well_sample	plate	well_index	cross	sex	day
MESC_CL5d1_A1_PA	GAGCGCCTAT	CL5	A1	A	A1	BxC	F	1
MESC_CL5d1_A2_PA	TCCGATAACT	CL5	A2	A	A3	BxC	F	1
MESC_CL5d1_A3_PA	TAACAGCATG	CL5	A3	A	A5	BxC	F	1
MESC_CL5d1_A4_PA	CACAGCAAGA	CL5	A4	A	A7	BxC	F	1
MESC_CL5d1_A5_PA	AAGTGTCGTA	CL5	A5	A	A9	BxC	F	1
MESC_CL5d1_A6_PA	TTCTGTGGTA	CL5	A6	A	A11	BxC	F	1
MESC_CL5d1_A7_PA	TTCGATCCAT	CL5	A7	A	A13	BxC	F	1
MESC_CL5d1_A8_PA	GCTATGGATA	CL5	A8	A	A15	BxC	F	1
MESC_CL5d1_A9_PA	CCTCAACTGG	CL5	A9	A	A17	BxC	F	1
MESC_CL5d1_A10_PA	AACCATCGGC	CL5	A10	A	A19	BxC	F	1
MESC_CL5d1_A11_PA	TAGTCTACGT	CL5	A11	A	A21	BxC	F	1
MESC_CL5d1_A12_PA	CGGTAAGTGG	CL5	A12	A	A23	BxC	F	1
MESC_CL5d1_B1_PA	TAGGTCTTCT	CL5	B1	A	C1	BxC	F	1
MESC_CL5d1_B2_PA	TCCAGATCCT	CL5	B2	A	C3	BxC	F	1
MESC_CL5d1_B3_PA	TCCTTGCATA	CL5	B3	A	C5	BxC	F	1
MESC_CL5d1_B4_PA	CCATGATTAG	CL5	B4	A	C7	BxC	F	1
MESC_CL5d1_B5_PA	AGCTCTGGTT	CL5	B5	A	C9	BxC	F	1
MESC_CL5d1_B6_PA	CCATTAGGAG	CL5	B6	A	C11	BxC	F	1
MESC_CL5d1_B7_PA	TTGTTCGGAT	CL5	B7	A	C13	BxC	F	1
MESC_CL5d1_B8_PA	CGCAGACAAC	CL5	B8	A	C15	BxC	F	1
MESC_CL5d1_B9_PA	TTCCACTTAC	CL5	B9	A	C17	BxC	F	1
MESC_CL5d1_B10_PA	TCACCGTTGG	CL5	B10	A	C19	BxC	F	1
MESC_CL5d1_B11_PA	TTGCGAGATT	CL5	B11	A	C21	BxC	F	1
MESC_CL5d1_B12_PA	TTGCGCAATC	CL5	B12	A	C23	BxC	F	1
MESC_CL5d1_C1_PA	CTATAACCGT	CL5	C1	A	E1	BxC	F	1
MESC_CL5d1_C2_PA	CGCGCTTAGA	CL5	C2	A	E3	BxC	F	1
MESC_CL5d1_C3_PA	GGATGCCTAG	CL5	C3	A	E5	BxC	F	1
MESC_CL5d1_C4_PA	TTAGCGAGAC	CL5	C4	A	E7	BxC	F	1
MESC_CL5d1_C5_PA	CGTAGTGACG	CL5	C5	A	E9	BxC	F	1
MESC_CL5d1_C6_PA	CGGCATAGAG	CL5	C6	A	E11	BxC	F	1
MESC_CL5d1_C7_PA	GAGTTGAGTA	CL5	C7	A	E13	BxC	F	1
MESC_CL5d1_C8_PA	TAATATCGCC	CL5	C8	A	E15	BxC	F	1
MESC_CL5d1_C9_PA	TAGGAGTGTC	CL5	C9	A	E17	BxC	F	1
MESC_CL5d1_C10_PA	CGATGTTCGC	CL5	C10	A	E19	BxC	F	1
MESC_CL5d1_C11_PA	TGTAGGTATC	CL5	C11	A	E21	BxC	F	1
MESC_CL5d1_C12_PA	CAGGAATCCG	CL5	C12	A	E23	BxC	F	1
MESC_CL5d1_D1_PA	CTGTAGCGAC	CL5	D1	A	G1	BxC	F	1
MESC_CL5d1_D2_PA	TAGGTACGTA	CL5	D2	A	G3	BxC	F	1
MESC_CL5d1_D3_PA	TTATGACTCG	CL5	D3	A	G5	BxC	F	1
MESC_CL5d1_D4_PA	GAGTGCTACC	CL5	D4	A	G7	BxC	F	1
MESC_CL5d1_D5_PA	CCATCTGTTC	CL5	D5	A	G9	BxC	F	1
MESC_CL5d1_D6_PA	TATAGGTTGG	CL5	D6	A	G11	BxC	F	1
MESC_CL5d1_D7_PA	TTGAGTAGGT	CL5	D7	A	G13	BxC	F	1
MESC_CL5d1_D8_PA	GACGAGGACT	CL5	D8	A	G15	BxC	F	1
MESC_CL5d1_D9_PA	AAGCGCAGAG	CL5	D9	A	G17	BxC	F	1
MESC_CL5d1_D10_PA	TTCACCTTCA	CL5	D10	A	G19	BxC	F	1
MESC_CL5d1_D11_PA	TTCACTAAGC	CL5	D11	A	G21	BxC	F	1
MESC_CL5d1_D12_PA	CGCAATTACG	CL5	D12	A	G23	BxC	F	1
MESC_CL5d1_E1_PA	TGTATCCATC	CL5	E1	A	I1	BxC	F	1
MESC_CL5d1_E2_PA	CCACTTATGG	CL5	E2	A	I3	BxC	F	1
MESC_CL5d1_E3_PA	TTCTGATGCT	CL5	E3	A	I5	BxC	F	1
MESC_CL5d1_E4_PA	TATAGGCGAT	CL5	E4	A	I7	BxC	F	1
MESC_CL5d1_E5_PA	GTACAAGGAT	CL5	E5	A	I9	BxC	F	1
MESC_CL5d1_E6_PA	TACGCTCTGG	CL5	E6	A	I11	BxC	F	1
MESC_CL5d1_E7_PA	CTAGATAGCA	CL5	E7	A	I13	BxC	F	1
MESC_CL5d1_E8_PA	GTGTAGTCTT	CL5	E8	A	I15	BxC	F	1
MESC_CL5d1_E9_PA	GCTAGGTCAA	CL5	E9	A	I17	BxC	F	1
MESC_CL5d1_E10_PA	GCACGGTACA	CL5	E10	A	I19	BxC	F	1
MESC_CL5d1_E11_PA	TTGGTCTTAG	CL5	E11	A	I21	BxC	F	1
MESC_CL5d1_E12_PA	AACTGCGCCA	CL5	E12	A	I23	BxC	F	1
MESC_CL5d1_F1_PA	CCGAACATGG	CL5	F1	A	K1	BxC	F	1
MESC_CL5d1_F2_PA	TTGCCTCTAG	CL5	F2	A	K3	BxC	F	1
MESC_CL5d1_F3_PA	TCAGGCAAGC	CL5	F3	A	K5	BxC	F	1
MESC_CL5d1_F4_PA	TTACCTCCTC	CL5	F4	A	K7	BxC	F	1
MESC_CL5d1_F5_PA	TGTATCCGAA	CL5	F5	A	K9	BxC	F	1
MESC_CL5d1_F6_PA	TCTATAGCGG	CL5	F6	A	K11	BxC	F	1
MESC_CL5d1_F7_PA	TTGCACTTGT	CL5	F7	A	K13	BxC	F	1
MESC_CL5d1_F8_PA	CGGATGTGAC	CL5	F8	A	K15	BxC	F	1
MESC_CL5d1_F9_PA	TAATGTCTGG	CL5	F9	A	K17	BxC	F	1
MESC_CL5d1_F10_PA	GTACGCGAAT	CL5	F10	A	K19	BxC	F	1
MESC_CL5d1_F11_PA	CAAGCTATTC	CL5	F11	A	K21	BxC	F	1
MESC_CL5d1_F12_PA	TCACGAGCAA	CL5	F12	A	K23	BxC	F	1
MESC_CL5d1_G1_PA	CCACTTCCAT	CL5	G1	A	M1	BxC	F	1
MESC_CL5d1_G2_PA	CCAGCTGTCA	CL5	G2	A	M3	BxC	F	1
MESC_CL5d1_G3_PA	TTGGATACCT	CL5	G3	A	M5	BxC	F	1
MESC_CL5d1_G4_PA	GAGCAGGAAG	CL5	G4	A	M7	BxC	F	1
MESC_CL5d1_G5_PA	TAACCGACCT	CL5	G5	A	M9	BxC	F	1
MESC_CL5d1_G6_PA	TTCCTTACAC	CL5	G6	A	M11	BxC	F	1
MESC_CL5d1_G7_PA	TTAATGCCGA	CL5	G7	A	M13	BxC	F	1
MESC_CL5d1_G8_PA	GGAACCTTGC	CL5	G8	A	M15	BxC	F	1
MESC_CL5d1_G9_PA	TTGGATGAAG	CL5	G9	A	M17	BxC	F	1
MESC_CL5d1_G10_PA	TCACTGTTCT	CL5	G10	A	M19	BxC	F	1
MESC_CL5d1_G11_PA	AACTGCGGAG	CL5	G11	A	M21	BxC	F	1
MESC_CL5d1_G12_PA	TTCCACCACC	CL5	G12	A	M23	BxC	F	1
MESC_CL5d1_H1_PA	GAGCATCAAT	CL5	H1	A	O1	BxC	F	1
MESC_CL5d1_H2_PA	TCCATGGCAC	CL5	H2	A	O3	BxC	F	1
MESC_CL5d1_H3_PA	TACCATACGA	CL5	H3	A	O5	BxC	F	1
MESC_CL5d1_H4_PA	TAACGCCATT	CL5	H4	A	O7	BxC	F	1
MESC_CL5d1_H5_PA	TGTACTCATG	CL5	H5	A	O9	BxC	F	1
MESC_CL5d1_H6_PA	TGATGGTATG	CL5	H6	A	O11	BxC	F	1
MESC_CL5d1_H7_PA	TGACCTTGTT	CL5	H7	A	O13	BxC	F	1
MESC_CL5d1_H8_PA	TGTGGAGGAC	CL5	H8	A	O15	BxC	F	1
MESC_CL5d1_H9_PA	GGCTCACATT	CL5	H9	A	O17	BxC	F	1
MESC_CL5d1_H10_PA	TCTAAGTGGA	CL5	H10	A	O19	BxC	F	1
MESC_CL5d1_H11_PA	TTATCTCACC	CL5	H11	A	O21	BxC	F	1
MESC_CL5d1_H12_PA	CAGGCATTGT	CL5	H12	A	O23	BxC	F	1
MESC_CL5d2_A1_PB	TAAGACGGTG	CL5	A1	B	A2	BxC	F	2
MESC_CL5d2_A2_PB	TTCACCACGG	CL5	A2	B	A4	BxC	F	2
MESC_CL5d2_A3_PB	CACTGCCGTA	CL5	A3	B	A6	BxC	F	2
MESC_CL5d2_A4_PB	CGATACTAGT	CL5	A4	B	A8	BxC	F	2
MESC_CL5d2_A5_PB	CCAGGAGTAC	CL5	A5	B	A10	BxC	F	2
MESC_CL5d2_A6_PB	TGACTCACTC	CL5	A6	B	A12	BxC	F	2
MESC_CL5d2_A7_PB	TGTGTCCTAT	CL5	A7	B	A14	BxC	F	2
MESC_CL5d2_A8_PB	CACTCGTGGT	CL5	A8	B	A16	BxC	F	2
MESC_CL5d2_A9_PB	TTGTCCTGTA	CL5	A9	B	A18	BxC	F	2
MESC_CL5d2_A10_PB	TTCACCAGCT	CL5	A10	B	A20	BxC	F	2
MESC_CL5d2_A11_PB	ACCTTACGTG	CL5	A11	B	A22	BxC	F	2
MESC_CL5d2_A12_PB	TTCTTAAGCC	CL5	A12	B	A24	BxC	F	2
MESC_CL5d2_B1_PB	TAGGACAGGC	CL5	B1	B	C2	BxC	F	2
MESC_CL5d2_B2_PB	TTAACTCTGC	CL5	B2	B	C4	BxC	F	2
MESC_CL5d2_B3_PB	TGGTGATCTG	CL5	B3	B	C6	BxC	F	2
MESC_CL5d2_B4_PB	TACGTCCATA	CL5	B4	B	C8	BxC	F	2
MESC_CL5d2_B5_PB	TTCGTTGTAC	CL5	B5	B	C10	BxC	F	2
MESC_CL5d2_B6_PB	GAACAGGTTA	CL5	B6	B	C12	BxC	F	2
MESC_CL5d2_B7_PB	TCATTCGGTT	CL5	B7	B	C14	BxC	F	2
MESC_CL5d2_B8_PB	CCATTACAGT	CL5	B8	B	C16	BxC	F	2
MESC_CL5d2_B9_PB	TGATTCAGCT	CL5	B9	B	C18	BxC	F	2
MESC_CL5d2_B10_PB	TTAACCTAGG	CL5	B10	B	C20	BxC	F	2
MESC_CL5d2_B11_PB	GACAGTGATA	CL5	B11	B	C22	BxC	F	2
MESC_CL5d2_B12_PB	TTCGATCTTG	CL5	B12	B	C24	BxC	F	2
MESC_CL5d2_C1_PB	TTGTCTTGAC	CL5	C1	B	E2	BxC	F	2
MESC_CL5d2_C2_PB	CCATCACTAT	CL5	C2	B	E4	BxC	F	2
MESC_CL5d2_C3_PB	TTGGTTCGGC	CL5	C3	B	E6	BxC	F	2
MESC_CL5d2_C4_PB	TCAGACAGAA	CL5	C4	B	E8	BxC	F	2
MESC_CL5d2_C5_PB	TCTAACTGCC	CL5	C5	B	E10	BxC	F	2
MESC_CL5d2_C6_PB	CCTGCTTGGA	CL5	C6	B	E12	BxC	F	2
MESC_CL5d2_C7_PB	TGGTATTGTC	CL5	C7	B	E14	BxC	F	2
MESC_CL5d2_C8_PB	TTCTTCTTCC	CL5	C8	B	E16	BxC	F	2
MESC_CL5d2_C9_PB	TCAGCAATTG	CL5	C9	B	E18	BxC	F	2
MESC_CL5d2_C10_PB	TACATCGCAT	CL5	C10	B	E20	BxC	F	2
MESC_CL5d2_C11_PB	TCGAATCAGG	CL5	C11	B	E22	BxC	F	2
MESC_CL5d2_C12_PB	TGTGAGTGAT	CL5	C12	B	E24	BxC	F	2
MESC_CL5d2_D1_PB	TCTGGTATCA	CL5	D1	B	G2	BxC	F	2
MESC_CL5d2_D2_PB	GAGTCCAGAT	CL5	D2	B	G4	BxC	F	2
MESC_CL5d2_D3_PB	CAGAATACGG	CL5	D3	B	G6	BxC	F	2
MESC_CL5d2_D4_PB	TTACTAGTGG	CL5	D4	B	G8	BxC	F	2
MESC_CL5d2_D5_PB	TCTGCTAATG	CL5	D5	B	G10	BxC	F	2
MESC_CL5d2_D6_PB	CCGCCATACT	CL5	D6	B	G12	BxC	F	2
MESC_CL5d2_D7_PB	AAGCCACTAC	CL5	D7	B	G14	BxC	F	2
MESC_CL5d2_D8_PB	TTCGTCAGAG	CL5	D8	B	G16	BxC	F	2
MESC_CL5d2_D9_PB	TTCGTCCTCG	CL5	D9	B	G18	BxC	F	2
MESC_CL5d2_D10_PB	TCAGCTAGTT	CL5	D10	B	G20	BxC	F	2
MESC_CL5d2_D11_PB	TATAGAAGCC	CL5	D11	B	G22	BxC	F	2
MESC_CL5d2_D12_PB	TTCGCGACTT	CL5	D12	B	G24	BxC	F	2
MESC_CL5d2_E1_PB	TGGCGCGTAA	CL5	E1	B	I2	BxC	F	2
MESC_CL5d2_E2_PB	TTCGCTCGTC	CL5	E2	B	I4	BxC	F	2
MESC_CL5d2_E3_PB	AGACCTCCGT	CL5	E3	B	I6	BxC	F	2
MESC_CL5d2_E4_PB	TTGCACCGAT	CL5	E4	B	I8	BxC	F	2
MESC_CL5d2_E5_PB	TGAACACGGA	CL5	E5	B	I10	BxC	F	2
MESC_CL5d2_E6_PB	TTGCTCAAGT	CL5	E6	B	I12	BxC	F	2
MESC_CL5d2_E7_PB	TCGTTGGCGT	CL5	E7	B	I14	BxC	F	2
MESC_CL5d2_E8_PB	TCGGAATGAT	CL5	E8	B	I16	BxC	F	2
MESC_CL5d2_E9_PB	TACCTAGTCT	CL5	E9	B	I18	BxC	F	2
MESC_CL5d2_E10_PB	TACATGGACG	CL5	E10	B	I20	BxC	F	2
MESC_CL5d2_E11_PB	CGGCCGAATA	CL5	E11	B	I22	BxC	F	2
MESC_CL5d2_E12_PB	AACTGAACAC	CL5	E12	B	I24	BxC	F	2
MESC_CL5d2_F1_PB	ACGCAACGAG	CL5	F1	B	K2	BxC	F	2
MESC_CL5d2_F2_PB	CACGGTGTAT	CL5	F2	B	K4	BxC	F	2
MESC_CL5d2_F3_PB	CAGCAGCCTT	CL5	F3	B	K6	BxC	F	2
MESC_CL5d2_F4_PB	TCATGCTCTT	CL5	F4	B	K8	BxC	F	2
MESC_CL5d2_F5_PB	GGTCGTGATT	CL5	F5	B	K10	BxC	F	2
MESC_CL5d2_F6_PB	TCGGAGCGTT	CL5	F6	B	K12	BxC	F	2
MESC_CL5d2_F7_PB	CCGTATCGCT	CL5	F7	B	K14	BxC	F	2
MESC_CL5d2_F8_PB	AAGACATGCC	CL5	F8	B	K16	BxC	F	2
MESC_CL5d2_F9_PB	CCAGTGAGAG	CL5	F9	B	K18	BxC	F	2
MESC_CL5d2_F10_PB	TTATCTCGAG	CL5	F10	B	K20	BxC	F	2
MESC_CL5d2_F11_PB	TTCGAGAGCT	CL5	F11	B	K22	BxC	F	2
MESC_CL5d2_F12_PB	TTATCCTCGC	CL5	F12	B	K24	BxC	F	2
MESC_CL5d2_G1_PB	TTCCGGCCAA	CL5	G1	B	M2	BxC	F	2
MESC_CL5d2_G2_PB	GGACAGATAT	CL5	G2	B	M4	BxC	F	2
MESC_CL5d2_G3_PB	TTGAGTACAC	CL5	G3	B	M6	BxC	F	2
MESC_CL5d2_G4_PB	TTGGCCACGA	CL5	G4	B	M8	BxC	F	2
MESC_CL5d2_G5_PB	TTGAGAGTTC	CL5	G5	B	M10	BxC	F	2
MESC_CL5d2_G6_PB	CCTGTCCAAC	CL5	G6	B	M12	BxC	F	2
MESC_CL5d2_G7_PB	AGGCCGATGT	CL5	G7	B	M14	BxC	F	2
MESC_CL5d2_G8_PB	GAGTATGTAC	CL5	G8	B	M16	BxC	F	2
MESC_CL5d2_G9_PB	CGGCCATCTT	CL5	G9	B	M18	BxC	F	2
MESC_CL5d2_G10_PB	TACCTATTGC	CL5	G10	B	M20	BxC	F	2
MESC_CL5d2_G11_PB	TCCTAGGTTA	CL5	G11	B	M22	BxC	F	2
MESC_CL5d2_G12_PB	TCAGGTGGTC	CL5	G12	B	M24	BxC	F	2
MESC_CL5d2_H1_PB	CGATCGTCAC	CL5	H1	B	O2	BxC	F	2
MESC_CL5d2_H2_PB	AGGTGATGCG	CL5	H2	B	O4	BxC	F	2
MESC_CL5d2_H3_PB	TTAGCGCCGT	CL5	H3	B	O6	BxC	F	2
MESC_CL5d2_H4_PB	CACTCACACG	CL5	H4	B	O8	BxC	F	2
MESC_CL5d2_H5_PB	GCGGCTTACT	CL5	H5	B	O10	BxC	F	2
MESC_CL5d2_H6_PB	CTCTCGCACA	CL5	H6	B	O12	BxC	F	2
MESC_CL5d2_H7_PB	TTGTACCAGA	CL5	H7	B	O14	BxC	F	2
MESC_CL5d2_H8_PB	TTATCCGGTC	CL5	H8	B	O16	BxC	F	2
MESC_CL5d2_H9_PB	GCACGACAGA	CL5	H9	B	O18	BxC	F	2
MESC_CL5d2_H10_PB	CGCTACCATC	CL5	H10	B	O20	BxC	F	2
MESC_CL5d2_H11_PB	TTCGAGAATC	CL5	H11	B	O22	BxC	F	2
MESC_CL5d2_H12_PB	TACCATCTAC	CL5	H12	B	O24	BxC	F	2
MESC_CL5d4_A1_PC	TGAGGTTGTA	CL5	A1	C	B1	BxC	F	4
MESC_CL5d4_A2_PC	GGAAGCTCCT	CL5	A2	C	B3	BxC	F	4
MESC_CL5d4_A3_PC	TGACACCGTA	CL5	A3	C	B5	BxC	F	4
MESC_CL5d4_A4_PC	TAATGATCCG	CL5	A4	C	B7	BxC	F	4
MESC_CL5d4_A5_PC	TGCACCAACA	CL5	A5	C	B9	BxC	F	4
MESC_CL5d4_A6_PC	CAATCGCCTA	CL5	A6	C	B11	BxC	F	4
MESC_CL5d4_A7_PC	CCACTGGTAA	CL5	A7	C	B13	BxC	F	4
MESC_CL5d4_A8_PC	CCGTAGATGC	CL5	A8	C	B15	BxC	F	4
MESC_CL5d4_A9_PC	AGCTCCACTG	CL5	A9	C	B17	BxC	F	4
MESC_CL5d4_A10_PC	TGGAGACACG	CL5	A10	C	B19	BxC	F	4
MESC_CL5d4_A11_PC	TTATGGCCTT	CL5	A11	C	B21	BxC	F	4
MESC_CL5d4_A12_PC	GGAGAACCAC	CL5	A12	C	B23	BxC	F	4
MESC_CL5d4_B1_PC	TTCGTGTCGA	CL5	B1	C	D1	BxC	F	4
MESC_CL5d4_B2_PC	TCGGTAACAC	CL5	B2	C	D3	BxC	F	4
MESC_CL5d4_B3_PC	CCGCTACACA	CL5	B3	C	D5	BxC	F	4
MESC_CL5d4_B4_PC	TTACACCTCT	CL5	B4	C	D7	BxC	F	4
MESC_CL5d4_B5_PC	TAGACCGTTG	CL5	B5	C	D9	BxC	F	4
MESC_CL5d4_B6_PC	TTACTGGCAG	CL5	B6	C	D11	BxC	F	4
MESC_CL5d4_B7_PC	TCGTGAAGCG	CL5	B7	C	D13	BxC	F	4
MESC_CL5d4_B8_PC	CACATCCAGG	CL5	B8	C	D15	BxC	F	4
MESC_CL5d4_B9_PC	GAAGCAGCTG	CL5	B9	C	D17	BxC	F	4
MESC_CL5d4_B10_PC	TTACGGTAAC	CL5	B10	C	D19	BxC	F	4
MESC_CL5d4_B11_PC	TTAATAGGCG	CL5	B11	C	D21	BxC	F	4
MESC_CL5d4_B12_PC	TCAACACCAA	CL5	B12	C	D23	BxC	F	4
MESC_CL5d4_C1_PC	GAGTTAGAAC	CL5	C1	C	F1	BxC	F	4
MESC_CL5d4_C2_PC	CGGAAGGTGT	CL5	C2	C	F3	BxC	F	4
MESC_CL5d4_C3_PC	TGATGGAGAA	CL5	C3	C	F5	BxC	F	4
MESC_CL5d4_C4_PC	TCTCCATGAT	CL5	C4	C	F7	BxC	F	4
MESC_CL5d4_C5_PC	GGACATGTAA	CL5	C5	C	F9	BxC	F	4
MESC_CL5d4_C6_PC	CACGGCTAGT	CL5	C6	C	F11	BxC	F	4
MESC_CL5d4_C7_PC	CCTCTTACAA	CL5	C7	C	F13	BxC	F	4
MESC_CL5d4_C8_PC	TTCCAACCTA	CL5	C8	C	F15	BxC	F	4
MESC_CL5d4_C9_PC	CGATGACTCC	CL5	C9	C	F17	BxC	F	4
MESC_CL5d4_C10_PC	TTCCTTAGCT	CL5	C10	C	F19	BxC	F	4
MESC_CL5d4_C11_PC	GGCAATCCTC	CL5	C11	C	F21	BxC	F	4
MESC_CL5d4_C12_PC	TCTCGAGATA	CL5	C12	C	F23	BxC	F	4
MESC_CL5d4_D1_PC	CCGAGACTTG	CL5	D1	C	H1	BxC	F	4
MESC_CL5d4_D2_PC	TTCTGTCGCC	CL5	D2	C	H3	BxC	F	4
MESC_CL5d4_D3_PC	TTGAGCCAGC	CL5	D3	C	H5	BxC	F	4
MESC_CL5d4_D4_PC	TGATAGACTC	CL5	D4	C	H7	BxC	F	4
MESC_CL5d4_D5_PC	AACGTGACAA	CL5	D5	C	H9	BxC	F	4
MESC_CL5d4_D6_PC	TAAGGAATGG	CL5	D6	C	H11	BxC	F	4
MESC_CL5d4_D7_PC	TACGCTACTA	CL5	D7	C	H13	BxC	F	4
MESC_CL5d4_D8_PC	GGATCGTAGA	CL5	D8	C	H15	BxC	F	4
MESC_CL5d4_D9_PC	TGGCTTGTCA	CL5	D9	C	H17	BxC	F	4
MESC_CL5d4_D10_PC	TCAGACCTGA	CL5	D10	C	H19	BxC	F	4
MESC_CL5d4_D11_PC	TCTAAGGTAC	CL5	D11	C	H21	BxC	F	4
MESC_CL5d4_D12_PC	CCACATAATC	CL5	D12	C	H23	BxC	F	4
MESC_CL5d4_E1_PC	TTGTTACTCC	CL5	E1	C	J1	BxC	F	4
MESC_CL5d4_E2_PC	GGTACGAAGC	CL5	E2	C	J3	BxC	F	4
MESC_CL5d4_E3_PC	TAGCTCCAGA	CL5	E3	C	J5	BxC	F	4
MESC_CL5d4_E4_PC	TGGATCGATT	CL5	E4	C	J7	BxC	F	4
MESC_CL5d4_E5_PC	TCCTCCAGTG	CL5	E5	C	J9	BxC	F	4
MESC_CL5d4_E6_PC	CCATCATCGC	CL5	E6	C	J11	BxC	F	4
MESC_CL5d4_E7_PC	TTGCTTGGCC	CL5	E7	C	J13	BxC	F	4
MESC_CL5d4_E8_PC	TACAATTGCC	CL5	E8	C	J15	BxC	F	4
MESC_CL5d4_E9_PC	CGGAATCCAA	CL5	E9	C	J17	BxC	F	4
MESC_CL5d4_E10_PC	TGTAACGAAG	CL5	E10	C	J19	BxC	F	4
MESC_CL5d4_E11_PC	TTGTCTGCAA	CL5	E11	C	J21	BxC	F	4
MESC_CL5d4_E12_PC	CGAGATGACC	CL5	E12	C	J23	BxC	F	4
MESC_CL5d4_F1_PC	AAGGCCTTGG	CL5	F1	C	L1	BxC	F	4
MESC_CL5d4_F2_PC	TCGTAAGAAC	CL5	F2	C	L3	BxC	F	4
MESC_CL5d4_F3_PC	CCATTCTTGT	CL5	F3	C	L5	BxC	F	4
MESC_CL5d4_F4_PC	TGCGACTAAT	CL5	F4	C	L7	BxC	F	4
MESC_CL5d4_F5_PC	CGGTAACGGT	CL5	F5	C	L9	BxC	F	4
MESC_CL5d4_F6_PC	TTGTAATGCG	CL5	F6	C	L11	BxC	F	4
MESC_CL5d4_F7_PC	CGGAGAGTCA	CL5	F7	C	L13	BxC	F	4
MESC_CL5d4_F8_PC	TTGAAGGCGT	CL5	F8	C	L15	BxC	F	4
MESC_CL5d4_F9_PC	TTCAGTCCGT	CL5	F9	C	L17	BxC	F	4
MESC_CL5d4_F10_PC	CCGTCTAATT	CL5	F10	C	L19	BxC	F	4
MESC_CL5d4_F11_PC	TTAAGCACCG	CL5	F11	C	L21	BxC	F	4
MESC_CL5d4_F12_PC	TTGCGAACTA	CL5	F12	C	L23	BxC	F	4
MESC_CL5d4_G1_PC	TAGTAGGACA	CL5	G1	C	N1	BxC	F	4
MESC_CL5d4_G2_PC	TTAACGAGGA	CL5	G2	C	N3	BxC	F	4
MESC_CL5d4_G3_PC	CTGCAAGTGC	CL5	G3	C	N5	BxC	F	4
MESC_CL5d4_G4_PC	CGTGGTCTGT	CL5	G4	C	N7	BxC	F	4
MESC_CL5d4_G5_PC	ATCCTGGCCT	CL5	G5	C	N9	BxC	F	4
MESC_CL5d4_G6_PC	CCTCGACACT	CL5	G6	C	N11	BxC	F	4
MESC_CL5d4_G7_PC	CCACGTGTGA	CL5	G7	C	N13	BxC	F	4
MESC_CL5d4_G8_PC	TTCTACGATG	CL5	G8	C	N15	BxC	F	4
MESC_CL5d4_G9_PC	GCGTTACAGA	CL5	G9	C	N17	BxC	F	4
MESC_CL5d4_G10_PC	TAGGCTTAAG	CL5	G10	C	N19	BxC	F	4
MESC_CL5d4_G11_PC	CCGACGCATT	CL5	G11	C	N21	BxC	F	4
MESC_CL5d4_G12_PC	TTATGTGCAC	CL5	G12	C	N23	BxC	F	4
MESC_CL5d4_H1_PC	GGCGACAACA	CL5	H1	C	P1	BxC	F	4
MESC_CL5d4_H2_PC	TATACCGGCG	CL5	H2	C	P3	BxC	F	4
MESC_CL5d4_H3_PC	TGAGAGGTAT	CL5	H3	C	P5	BxC	F	4
MESC_CL5d4_H4_PC	TCTAACCTTC	CL5	H4	C	P7	BxC	F	4
MESC_CL5d4_H5_PC	TGTAAGTCAC	CL5	H5	C	P9	BxC	F	4
MESC_CL5d4_H6_PC	TTGAGTTGCC	CL5	H6	C	P11	BxC	F	4
MESC_CL5d4_H7_PC	TCTGCGTTAA	CL5	H7	C	P13	BxC	F	4
MESC_CL5d4_H8_PC	CCTAATAGAC	CL5	H8	C	P15	BxC	F	4
MESC_CL5d4_H9_PC	TACTCAGACA	CL5	H9	C	P17	BxC	F	4
MESC_CL5d4_H10_PC	TTCTGCATCG	CL5	H10	C	P19	BxC	F	4
MESC_CL5d4_H11_PC	GACAGGAGCA	CL5	H11	C	P21	BxC	F	4
MESC_CL5d4_H12_PC	CCAATTCATG	CL5	H12	C	P23	BxC	F	4
MESC_CL5d7_A1_PD	CGGTTGAACG	CL5	A1	D	B2	BxC	F	7
MESC_CL5d7_A2_PD	TACTTGTGCA	CL5	A2	D	B4	BxC	F	7
MESC_CL5d7_A3_PD	TGACCATGAA	CL5	A3	D	B6	BxC	F	7
MESC_CL5d7_A4_PD	TTGCTCGGTG	CL5	A4	D	B8	BxC	F	7
MESC_CL5d7_A5_PD	TTCAACGGTA	CL5	A5	D	B10	BxC	F	7
MESC_CL5d7_A6_PD	TTCTTCAAGG	CL5	A6	D	B12	BxC	F	7
MESC_CL5d7_A7_PD	TTCTCTCTAC	CL5	A7	D	B14	BxC	F	7
MESC_CL5d7_A8_PD	CGATGATACG	CL5	A8	D	B16	BxC	F	7
MESC_CL5d7_A9_PD	TGAGCCTTCT	CL5	A9	D	B18	BxC	F	7
MESC_CL5d7_A10_PD	TTCGGTTGTG	CL5	A10	D	B20	BxC	F	7
MESC_CL5d7_A11_PD	TTAGGCATCC	CL5	A11	D	B22	BxC	F	7
MESC_CL5d7_A12_PD	GATAGACAGT	CL5	A12	D	B24	BxC	F	7
MESC_CL5d7_B1_PD	CGCACTACCT	CL5	B1	D	D2	BxC	F	7
MESC_CL5d7_B2_PD	CGACATGCGT	CL5	B2	D	D4	BxC	F	7
MESC_CL5d7_B3_PD	TTGTGCCGAG	CL5	B3	D	D6	BxC	F	7
MESC_CL5d7_B4_PD	CAATTGGTGG	CL5	B4	D	D8	BxC	F	7
MESC_CL5d7_B5_PD	TTGTGGTTCG	CL5	B5	D	D10	BxC	F	7
MESC_CL5d7_B6_PD	CGGATCTTCC	CL5	B6	D	D12	BxC	F	7
MESC_CL5d7_B7_PD	TCCGGATTCG	CL5	B7	D	D14	BxC	F	7
MESC_CL5d7_B8_PD	TGAACGTGGT	CL5	B8	D	D16	BxC	F	7
MESC_CL5d7_B9_PD	TCAAGCATCT	CL5	B9	D	D18	BxC	F	7
MESC_CL5d7_B10_PD	TGCGTGAATA	CL5	B10	D	D20	BxC	F	7
MESC_CL5d7_B11_PD	CAGATAACCG	CL5	B11	D	D22	BxC	F	7
MESC_CL5d7_B12_PD	TGTGCGTAAG	CL5	B12	D	D24	BxC	F	7
MESC_CL5d7_C1_PD	TTATGGTGGT	CL5	C1	D	F2	BxC	F	7
MESC_CL5d7_C2_PD	TTCCGCCGTT	CL5	C2	D	F4	BxC	F	7
MESC_CL5d7_C3_PD	CGGCAAGCTA	CL5	C3	D	F6	BxC	F	7
MESC_CL5d7_C4_PD	GGTGGAAGGT	CL5	C4	D	F8	BxC	F	7
MESC_CL5d7_C5_PD	TACACCTGAA	CL5	C5	D	F10	BxC	F	7
MESC_CL5d7_C6_PD	CGGTCGGTAA	CL5	C6	D	F12	BxC	F	7
MESC_CL5d7_C7_PD	TTCCACACAG	CL5	C7	D	F14	BxC	F	7
MESC_CL5d7_C8_PD	GCAGGAACAC	CL5	C8	D	F16	BxC	F	7
MESC_CL5d7_C9_PD	TAAGGAGAAG	CL5	C9	D	F18	BxC	F	7
MESC_CL5d7_C10_PD	TTCCTCTGTA	CL5	C10	D	F20	BxC	F	7
MESC_CL5d7_C11_PD	GATGGACGCT	CL5	C11	D	F22	BxC	F	7
MESC_CL5d7_C12_PD	TTGCCGTCAA	CL5	C12	D	F24	BxC	F	7
MESC_CL5d7_D1_PD	CAATAAGAGC	CL5	D1	D	H2	BxC	F	7
MESC_CL5d7_D2_PD	CCAGAGTATG	CL5	D2	D	H4	BxC	F	7
MESC_CL5d7_D3_PD	GGTGCCTCAT	CL5	D3	D	H6	BxC	F	7
MESC_CL5d7_D4_PD	GTGTTGACAC	CL5	D4	D	H8	BxC	F	7
MESC_CL5d7_D5_PD	TCACCACATA	CL5	D5	D	H10	BxC	F	7
MESC_CL5d7_D6_PD	TTGGTTATGG	CL5	D6	D	H12	BxC	F	7
MESC_CL5d7_D7_PD	TTCCAGCTAT	CL5	D7	D	H14	BxC	F	7
MESC_CL5d7_D8_PD	TCCATTAACG	CL5	D8	D	H16	BxC	F	7
MESC_CL5d7_D9_PD	CCTTAATCCT	CL5	D9	D	H18	BxC	F	7
MESC_CL5d7_D10_PD	TTAGCTTCCT	CL5	D10	D	H20	BxC	F	7
MESC_CL5d7_D11_PD	CGGTAGTCAG	CL5	D11	D	H22	BxC	F	7
MESC_CL5d7_D12_PD	CAAGACCTAT	CL5	D12	D	H24	BxC	F	7
MESC_CL5d7_E1_PD	TTGGTGACGC	CL5	E1	D	J2	BxC	F	7
MESC_CL5d7_E2_PD	AGGTGCTTGC	CL5	E2	D	J4	BxC	F	7
MESC_CL5d7_E3_PD	TTCCGTGCTG	CL5	E3	D	J6	BxC	F	7
MESC_CL5d7_E4_PD	TCTGGACGTC	CL5	E4	D	J8	BxC	F	7
MESC_CL5d7_E5_PD	AACGTACCGT	CL5	E5	D	J10	BxC	F	7
MESC_CL5d7_E6_PD	TTGACGCGTC	CL5	E6	D	J12	BxC	F	7
MESC_CL5d7_E7_PD	CCAATATTCG	CL5	E7	D	J14	BxC	F	7
MESC_CL5d7_E8_PD	GGATTGGACC	CL5	E8	D	J16	BxC	F	7
MESC_CL5d7_E9_PD	TAAGGTGCGG	CL5	E9	D	J18	BxC	F	7
MESC_CL5d7_E10_PD	GAACCTGACC	CL5	E10	D	J20	BxC	F	7
MESC_CL5d7_E11_PD	TAGATCTCTC	CL5	E11	D	J22	BxC	F	7
MESC_CL5d7_E12_PD	TTGCTCACAA	CL5	E12	D	J24	BxC	F	7
MESC_CL5d7_F1_PD	TCGTCTGAAT	CL5	F1	D	L2	BxC	F	7
MESC_CL5d7_F2_PD	TAGATGTAGG	CL5	F2	D	L4	BxC	F	7
MESC_CL5d7_F3_PD	GCATTAGCAC	CL5	F3	D	L6	BxC	F	7
MESC_CL5d7_F4_PD	TGCGTAGGCA	CL5	F4	D	L8	BxC	F	7
MESC_CL5d7_F5_PD	TTGGAGCAAT	CL5	F5	D	L10	BxC	F	7
MESC_CL5d7_F6_PD	TTCCGCTAGC	CL5	F6	D	L12	BxC	F	7
MESC_CL5d7_F7_PD	GGAAGGTACG	CL5	F7	D	L14	BxC	F	7
MESC_CL5d7_F8_PD	GAACGCCTTC	CL5	F8	D	L16	BxC	F	7
MESC_CL5d7_F9_PD	TGGACATACT	CL5	F9	D	L18	BxC	F	7
MESC_CL5d7_F10_PD	TTGCCATCGT	CL5	F10	D	L20	BxC	F	7
MESC_CL5d7_F11_PD	CTGCACTGAC	CL5	F11	D	L22	BxC	F	7
MESC_CL5d7_F12_PD	CAGAGGAGTC	CL5	F12	D	L24	BxC	F	7
MESC_CL5d7_G1_PD	TACAGGACAA	CL5	G1	D	N2	BxC	F	7
MESC_CL5d7_G2_PD	GCCTAGTTGG	CL5	G2	D	N4	BxC	F	7
MESC_CL5d7_G3_PD	CAAGGACATC	CL5	G3	D	N6	BxC	F	7
MESC_CL5d7_G4_PD	TTGCGGCAAG	CL5	G4	D	N8	BxC	F	7
MESC_CL5d7_G5_PD	TTCTTATCGC	CL5	G5	D	N10	BxC	F	7
MESC_CL5d7_G6_PD	CCGCAAGATG	CL5	G6	D	N12	BxC	F	7
MESC_CL5d7_G7_PD	GGTGTCTGAG	CL5	G7	D	N14	BxC	F	7
MESC_CL5d7_G8_PD	CGGAGTTATC	CL5	G8	D	N16	BxC	F	7
MESC_CL5d7_G9_PD	GACTAGGTCC	CL5	G9	D	N18	BxC	F	7
MESC_CL5d7_G10_PD	GGATCTACAA	CL5	G10	D	N20	BxC	F	7
MESC_CL5d7_G11_PD	TTCGCACGCA	CL5	G11	D	N22	BxC	F	7
MESC_CL5d7_G12_PD	TATATGAGCG	CL5	G12	D	N24	BxC	F	7
MESC_CL5d7_H1_PD	TAATCCTCTG	CL5	H1	D	P2	BxC	F	7
MESC_CL5d7_H2_PD	CCACCATAGG	CL5	H2	D	P4	BxC	F	7
MESC_CL5d7_H3_PD	TTCTGGATAC	CL5	H3	D	P6	BxC	F	7
MESC_CL5d7_H4_PD	CTCTGTCAGG	CL5	H4	D	P8	BxC	F	7
MESC_CL5d7_H5_PD	TGTGGTGCTA	CL5	H5	D	P10	BxC	F	7
MESC_CL5d7_H6_PD	CCGACTTAGT	CL5	H6	D	P12	BxC	F	7
MESC_CL5d7_H7_PD	TAGAGAGATG	CL5	H7	D	P14	BxC	F	7
MESC_CL5d7_H8_PD	CGATCCTGTT	CL5	H8	D	P16	BxC	F	7
MESC_CL5d7_H9_PD	AGGTTCACCA	CL5	H9	D	P18	BxC	F	7
MESC_CL5d7_H10_PD	TAGGAGGTAA	CL5	H10	D	P20	BxC	F	7
MESC_CL5d7_H11_PD	GTCACTTAAG	CL5	H11	D	P22	BxC	F	7
MESC_CL5d7_H12_PD	TGACAACTTG	CL5	H12	D	P24	BxC	F	7
